message_id,timestamp,sender,text
1,2026-01-01 08:00:00,Vikram,aaj match dekha?
2,2026-01-01 08:02:00,Riya,last over kya tha 🔥
3,2026-01-01 08:04:00,Riya,haan
4,2026-01-01 08:06:00,Rahul,<video omitted>
5,2026-01-01 11:17:00,Priya,aaj match dekha?
6,2026-01-01 11:19:00,Arjun,last over kya tha 🔥
7,2026-01-01 11:21:00,Aman,haan
8,2026-01-01 11:23:00,Aman,<video omitted>
9,2026-01-01 14:06:00,Riya,wifi fir se gaya 😭
10,2026-01-01 14:08:00,Aman,router restart kr
11,2026-01-01 14:10:00,Riya,kiya bhai
12,2026-01-01 14:12:00,Arjun,ab chal raha 😂
13,2026-01-01 17:14:00,Vikram,lunch mein kya hai?
14,2026-01-01 17:16:00,Aman,rajma chawal
15,2026-01-01 17:18:00,Rahul,nice
16,2026-01-01 17:20:00,Arjun,mere liye bhi rakhna
17,2026-01-01 20:08:00,Rahul,office se late niklunga
18,2026-01-01 20:10:00,Riya,traffic bhot hai
19,2026-01-01 20:12:00,Neha,take care
20,2026-01-01 20:14:00,Priya,ghar pahunch ke ping kr
21,2026-01-01 22:12:00,Priya,wifi fir se gaya 😭
22,2026-01-01 22:14:00,Neha,router restart kr
23,2026-01-01 22:16:00,Neha,kiya bhai
24,2026-01-01 22:18:00,Vikram,ab chal raha 😂
25,2026-01-02 08:14:00,Priya,chai peene aa rahe?
26,2026-01-02 08:16:00,Arjun,nhi yaar
27,2026-01-02 08:18:00,Priya,canteen mein samosa bhi hai
28,2026-01-02 08:20:00,Vikram,acha
29,2026-01-02 08:22:00,Neha,bas 5 min
30,2026-01-02 11:02:00,Aman,Forwarded: campus blood donation camp on Saturday
31,2026-01-02 11:04:00,Riya,kahan pe?
32,2026-01-02 11:06:00,Vikram,main gate ke paas
33,2026-01-02 11:08:00,Priya,okay
34,2026-01-02 14:03:00,Arjun,lunch mein kya hai?
35,2026-01-02 14:05:00,Vikram,rajma chawal
36,2026-01-02 14:07:00,Simran,nice
37,2026-01-02 14:09:00,Neha,mere liye bhi rakhna
38,2026-01-02 17:11:00,Neha,ye meme dekho 😂
39,2026-01-02 17:13:00,Riya,<image omitted>
40,2026-01-02 17:15:00,Vikram,😂
41,2026-01-02 17:17:00,Priya,bhai bas kar
42,2026-01-02 20:17:00,Riya,ye meme dekho 😂
43,2026-01-02 20:19:00,Rahul,<image omitted>
44,2026-01-02 20:21:00,Simran,😂
45,2026-01-02 20:23:00,Arjun,bhai bas kar
46,2026-01-02 22:17:00,Riya,library chalna hai
47,2026-01-02 22:19:00,Neha,seat milegi?
48,2026-01-02 22:21:00,Aman,second floor khaali hai
49,2026-01-02 22:23:00,Riya,aa rha
50,2026-01-03 08:10:00,Arjun,chai peene aa rahe?
51,2026-01-03 08:12:00,Vikram,nhi yaar
52,2026-01-03 08:14:00,Priya,canteen mein samosa bhi hai
53,2026-01-03 08:16:00,Riya,acha
54,2026-01-03 08:18:00,Neha,bas 5 min
55,2026-01-03 11:15:00,Arjun,Forwarded: campus blood donation camp on Saturday
56,2026-01-03 11:17:00,Simran,kahan pe?
57,2026-01-03 11:19:00,Rahul,main gate ke paas
58,2026-01-03 11:21:00,Vikram,okay
59,2026-01-03 14:07:00,Vikram,assignment upload ho gaya?
60,2026-01-03 14:09:00,Arjun,server busy aa raha
61,2026-01-03 14:11:00,Arjun,try again after dinner
62,2026-01-03 14:13:00,Neha,done
63,2026-01-03 17:04:00,Simran,lunch mein kya hai?
64,2026-01-03 17:06:00,Priya,rajma chawal
65,2026-01-03 17:08:00,Aman,nice
66,2026-01-03 17:10:00,Priya,mere liye bhi rakhna
67,2026-01-03 20:05:00,Arjun,assignment upload ho gaya?
68,2026-01-03 20:07:00,Priya,server busy aa raha
69,2026-01-03 20:09:00,Arjun,try again after dinner
70,2026-01-03 20:11:00,Arjun,done
71,2026-01-03 22:16:00,Vikram,phone ki battery dead
72,2026-01-03 22:18:00,Aman,charger mere bag mein hai
73,2026-01-03 22:20:00,Priya,mil gaya thnx
74,2026-01-03 22:22:00,Vikram,cool
75,2026-01-04 08:03:00,Vikram,office se late niklunga
76,2026-01-04 08:05:00,Arjun,traffic bhot hai
77,2026-01-04 08:07:00,Rahul,take care
78,2026-01-04 08:09:00,Simran,ghar pahunch ke ping kr
79,2026-01-04 11:08:00,Rahul,kal lecture hai kya?
80,2026-01-04 11:10:00,Priya,haan 9 baje
81,2026-01-04 11:12:00,Vikram,notes bhej dena plss
82,2026-01-04 11:14:00,Riya,done
83,2026-01-04 14:11:00,Rahul,assignment upload ho gaya?
84,2026-01-04 14:13:00,Aman,server busy aa raha
85,2026-01-04 14:15:00,Neha,try again after dinner
86,2026-01-04 14:17:00,Simran,done
87,2026-01-04 17:03:00,Neha,kal lecture hai kya?
88,2026-01-04 17:05:00,Vikram,haan 9 baje
89,2026-01-04 17:07:00,Riya,notes bhej dena plss
90,2026-01-04 17:09:00,Aman,done
91,2026-01-04 20:18:00,Priya,lunch mein kya hai?
92,2026-01-04 20:20:00,Priya,rajma chawal
93,2026-01-04 20:22:00,Simran,nice
94,2026-01-04 20:24:00,Priya,mere liye bhi rakhna
95,2026-01-04 22:04:00,Simran,assignment upload ho gaya?
96,2026-01-04 22:06:00,Rahul,server busy aa raha
97,2026-01-04 22:08:00,Vikram,try again after dinner
98,2026-01-04 22:10:00,Arjun,done
99,2026-01-05 08:17:00,Riya,Forwarded: campus blood donation camp on Saturday
100,2026-01-05 08:19:00,Vikram,kahan pe?
101,2026-01-05 08:21:00,Arjun,main gate ke paas
102,2026-01-05 08:23:00,Neha,okay
103,2026-01-05 11:16:00,Simran,phone ki battery dead
104,2026-01-05 11:18:00,Priya,charger mere bag mein hai
105,2026-01-05 11:20:00,Riya,mil gaya thnx
106,2026-01-05 11:22:00,Riya,cool
107,2026-01-05 14:10:00,Aman,wifi fir se gaya 😭
108,2026-01-05 14:12:00,Riya,router restart kr
109,2026-01-05 14:14:00,Riya,kiya bhai
110,2026-01-05 14:16:00,Aman,ab chal raha 😂
111,2026-01-05 17:01:00,Riya,wifi fir se gaya 😭
112,2026-01-05 17:03:00,Priya,router restart kr
113,2026-01-05 17:05:00,Aman,kiya bhai
114,2026-01-05 17:07:00,Neha,ab chal raha 😂
115,2026-01-05 20:16:00,Riya,wifi fir se gaya 😭
116,2026-01-05 20:18:00,Vikram,router restart kr
117,2026-01-05 20:20:00,Simran,kiya bhai
118,2026-01-05 20:22:00,Riya,ab chal raha 😂
119,2026-01-05 22:18:00,Simran,assignment upload ho gaya?
120,2026-01-05 22:20:00,Riya,server busy aa raha
121,2026-01-05 22:22:00,Simran,try again after dinner
122,2026-01-05 22:24:00,Arjun,done
123,2026-01-06 08:03:00,Priya,Forwarded: campus blood donation camp on Saturday
124,2026-01-06 08:05:00,Arjun,kahan pe?
125,2026-01-06 08:07:00,Neha,main gate ke paas
126,2026-01-06 08:09:00,Arjun,okay
127,2026-01-06 11:14:00,Aman,good morning
128,2026-01-06 11:16:00,Priya,gym kaun aayega?
129,2026-01-06 11:18:00,Aman,aaj rest day 😂
130,2026-01-06 11:20:00,Arjun,same
131,2026-01-06 14:03:00,Riya,office se late niklunga
132,2026-01-06 14:05:00,Riya,traffic bhot hai
133,2026-01-06 14:07:00,Riya,take care
134,2026-01-06 14:09:00,Simran,ghar pahunch ke ping kr
135,2026-01-06 17:13:00,Rahul,assignment upload ho gaya?
136,2026-01-06 17:15:00,Vikram,server busy aa raha
137,2026-01-06 17:17:00,Simran,try again after dinner
138,2026-01-06 17:19:00,Riya,done
139,2026-01-06 20:14:00,Priya,wifi fir se gaya 😭
140,2026-01-06 20:16:00,Aman,router restart kr
141,2026-01-06 20:18:00,Aman,kiya bhai
142,2026-01-06 20:20:00,Priya,ab chal raha 😂
143,2026-01-06 22:05:00,Arjun,lunch mein kya hai?
144,2026-01-06 22:07:00,Simran,rajma chawal
145,2026-01-06 22:09:00,Simran,nice
146,2026-01-06 22:11:00,Riya,mere liye bhi rakhna
147,2026-01-07 08:01:00,Rahul,weekend movie?
148,2026-01-07 08:03:00,Arjun,comedy dekhte hain
149,2026-01-07 08:05:00,Aman,popcorn meri taraf se
150,2026-01-07 08:07:00,Arjun,done
151,2026-01-07 11:14:00,Vikram,library chalna hai
152,2026-01-07 11:16:00,Arjun,seat milegi?
153,2026-01-07 11:18:00,Simran,second floor khaali hai
154,2026-01-07 11:20:00,Rahul,aa rha
155,2026-01-07 14:09:00,Riya,Forwarded: campus blood donation camp on Saturday
156,2026-01-07 14:11:00,Aman,kahan pe?
157,2026-01-07 14:13:00,Aman,main gate ke paas
158,2026-01-07 14:15:00,Neha,okay
159,2026-01-07 17:01:00,Simran,chai peene aa rahe?
160,2026-01-07 17:03:00,Rahul,nhi yaar
161,2026-01-07 17:05:00,Aman,canteen mein samosa bhi hai
162,2026-01-07 17:07:00,Priya,acha
163,2026-01-07 17:09:00,Rahul,bas 5 min
164,2026-01-07 20:19:00,Priya,wifi fir se gaya 😭
165,2026-01-07 20:21:00,Riya,router restart kr
166,2026-01-07 20:23:00,Arjun,kiya bhai
167,2026-01-07 20:25:00,Priya,ab chal raha 😂
168,2026-01-07 22:18:00,Aman,lunch mein kya hai?
169,2026-01-07 22:20:00,Priya,rajma chawal
170,2026-01-07 22:22:00,Arjun,nice
171,2026-01-07 22:24:00,Neha,mere liye bhi rakhna
172,2026-01-08 08:06:00,Neha,library chalna hai
173,2026-01-08 08:08:00,Riya,seat milegi?
174,2026-01-08 08:10:00,Vikram,second floor khaali hai
175,2026-01-08 08:12:00,Arjun,aa rha
176,2026-01-08 11:09:00,Simran,assignment upload ho gaya?
177,2026-01-08 11:11:00,Neha,server busy aa raha
178,2026-01-08 11:13:00,Priya,try again after dinner
179,2026-01-08 11:15:00,Aman,done
180,2026-01-08 14:19:00,Priya,phone ki battery dead
181,2026-01-08 14:21:00,Priya,charger mere bag mein hai
182,2026-01-08 14:23:00,Riya,mil gaya thnx
183,2026-01-08 14:25:00,Vikram,cool
184,2026-01-08 17:11:00,Priya,assignment upload ho gaya?
185,2026-01-08 17:13:00,Riya,server busy aa raha
186,2026-01-08 17:15:00,Neha,try again after dinner
187,2026-01-08 17:17:00,Vikram,done
188,2026-01-08 20:14:00,Vikram,ye meme dekho 😂
189,2026-01-08 20:16:00,Aman,<image omitted>
190,2026-01-08 20:18:00,Vikram,😂
191,2026-01-08 20:20:00,Priya,bhai bas kar
192,2026-01-08 22:08:00,Priya,assignment upload ho gaya?
193,2026-01-08 22:10:00,Priya,server busy aa raha
194,2026-01-08 22:12:00,Rahul,try again after dinner
195,2026-01-08 22:14:00,Vikram,done
196,2026-01-09 08:19:00,Riya,<document omitted>
197,2026-01-09 08:21:00,Neha,ye maths worksheet hai
198,2026-01-09 08:23:00,Riya,thank you!
199,2026-01-09 08:25:00,Vikram,kal solve karte
200,2026-01-09 11:08:00,Aman,internship form bhar diya?
201,2026-01-09 11:10:00,Priya,resume update krna hai
202,2026-01-09 11:12:00,Arjun,I can review it tonight
203,2026-01-09 11:14:00,Vikram,thanks yaar
204,2026-01-09 14:00:00,Neha,chai peene aa rahe?
205,2026-01-09 14:02:00,Rahul,nhi yaar
206,2026-01-09 14:04:00,Vikram,canteen mein samosa bhi hai
207,2026-01-09 14:06:00,Rahul,acha
208,2026-01-09 14:08:00,Simran,bas 5 min
209,2026-01-09 17:17:00,Aman,good morning
210,2026-01-09 17:19:00,Priya,gym kaun aayega?
211,2026-01-09 17:21:00,Priya,aaj rest day 😂
212,2026-01-09 17:23:00,Rahul,same
213,2026-01-09 20:11:00,Rahul,chai peene aa rahe?
214,2026-01-09 20:13:00,Arjun,nhi yaar
215,2026-01-09 20:15:00,Rahul,canteen mein samosa bhi hai
216,2026-01-09 20:17:00,Aman,acha
217,2026-01-09 20:19:00,Vikram,bas 5 min
218,2026-01-09 22:01:00,Neha,"Forwarded: heavy rain advisory, carry an umbrella"
219,2026-01-09 22:03:00,Riya,baarish shuru
220,2026-01-09 22:05:00,Riya,kapde andar le lo 😂
221,2026-01-09 22:07:00,Priya,haan
222,2026-01-10 08:17:00,Arjun,"Forwarded: heavy rain advisory, carry an umbrella"
223,2026-01-10 08:19:00,Rahul,baarish shuru
224,2026-01-10 08:21:00,Riya,kapde andar le lo 😂
225,2026-01-10 08:23:00,Rahul,haan
226,2026-01-10 11:13:00,Aman,ye meme dekho 😂
227,2026-01-10 11:15:00,Rahul,<image omitted>
228,2026-01-10 11:17:00,Neha,😂
229,2026-01-10 11:19:00,Arjun,bhai bas kar
230,2026-01-10 14:08:00,Rahul,lunch mein kya hai?
231,2026-01-10 14:10:00,Priya,rajma chawal
232,2026-01-10 14:12:00,Arjun,nice
233,2026-01-10 14:14:00,Aman,mere liye bhi rakhna
234,2026-01-10 17:07:00,Riya,internship form bhar diya?
235,2026-01-10 17:09:00,Simran,resume update krna hai
236,2026-01-10 17:11:00,Neha,I can review it tonight
237,2026-01-10 17:13:00,Vikram,thanks yaar
238,2026-01-10 20:07:00,Aman,lunch mein kya hai?
239,2026-01-10 20:09:00,Riya,rajma chawal
240,2026-01-10 20:11:00,Arjun,nice
241,2026-01-10 20:13:00,Neha,mere liye bhi rakhna
242,2026-01-10 22:02:00,Vikram,library chalna hai
243,2026-01-10 22:04:00,Neha,seat milegi?
244,2026-01-10 22:06:00,Arjun,second floor khaali hai
245,2026-01-10 22:08:00,Neha,aa rha
246,2026-01-11 08:03:00,Vikram,kal lecture hai kya?
247,2026-01-11 08:05:00,Rahul,haan 9 baje
248,2026-01-11 08:07:00,Vikram,notes bhej dena plss
249,2026-01-11 08:09:00,Aman,done
250,2026-01-11 11:19:00,Arjun,aaj match dekha?
251,2026-01-11 11:21:00,Neha,last over kya tha 🔥
252,2026-01-11 11:23:00,Neha,haan
253,2026-01-11 11:25:00,Arjun,<video omitted>
254,2026-01-11 14:12:00,Riya,aaj match dekha?
255,2026-01-11 14:14:00,Vikram,last over kya tha 🔥
256,2026-01-11 14:16:00,Aman,haan
257,2026-01-11 14:18:00,Arjun,<video omitted>
258,2026-01-11 17:16:00,Riya,kal lecture hai kya?
259,2026-01-11 17:18:00,Neha,haan 9 baje
260,2026-01-11 17:20:00,Arjun,notes bhej dena plss
261,2026-01-11 17:22:00,Priya,done
262,2026-01-11 20:19:00,Neha,office se late niklunga
263,2026-01-11 20:21:00,Priya,traffic bhot hai
264,2026-01-11 20:23:00,Vikram,take care
265,2026-01-11 20:25:00,Vikram,ghar pahunch ke ping kr
266,2026-01-11 22:10:00,Arjun,good morning
267,2026-01-11 22:12:00,Vikram,gym kaun aayega?
268,2026-01-11 22:14:00,Rahul,aaj rest day 😂
269,2026-01-11 22:16:00,Riya,same
270,2026-01-12 08:12:00,Rahul,good morning
271,2026-01-12 08:14:00,Vikram,gym kaun aayega?
272,2026-01-12 08:16:00,Arjun,aaj rest day 😂
273,2026-01-12 08:18:00,Aman,same
274,2026-01-12 11:09:00,Riya,<document omitted>
275,2026-01-12 11:11:00,Arjun,ye maths worksheet hai
276,2026-01-12 11:13:00,Neha,thank you!
277,2026-01-12 11:15:00,Simran,kal solve karte
278,2026-01-12 14:14:00,Riya,phone ki battery dead
279,2026-01-12 14:16:00,Simran,charger mere bag mein hai
280,2026-01-12 14:18:00,Rahul,mil gaya thnx
281,2026-01-12 14:20:00,Priya,cool
282,2026-01-12 17:16:00,Neha,<document omitted>
283,2026-01-12 17:18:00,Priya,ye maths worksheet hai
284,2026-01-12 17:20:00,Riya,thank you!
285,2026-01-12 17:22:00,Vikram,kal solve karte
286,2026-01-12 20:06:00,Rahul,lunch mein kya hai?
287,2026-01-12 20:08:00,Aman,rajma chawal
288,2026-01-12 20:10:00,Aman,nice
289,2026-01-12 20:12:00,Riya,mere liye bhi rakhna
290,2026-01-12 22:19:00,Priya,internship form bhar diya?
291,2026-01-12 22:21:00,Simran,resume update krna hai
292,2026-01-12 22:23:00,Arjun,I can review it tonight
293,2026-01-12 22:25:00,Riya,thanks yaar
294,2026-01-13 08:15:00,Arjun,weekend movie?
295,2026-01-13 08:17:00,Riya,comedy dekhte hain
296,2026-01-13 08:19:00,Rahul,popcorn meri taraf se
297,2026-01-13 08:21:00,Aman,done
298,2026-01-13 11:13:00,Riya,aaj match dekha?
299,2026-01-13 11:15:00,Rahul,last over kya tha 🔥
300,2026-01-13 11:17:00,Simran,haan
301,2026-01-13 11:19:00,Aman,<video omitted>
302,2026-01-13 14:03:00,Simran,lunch mein kya hai?
303,2026-01-13 14:05:00,Rahul,rajma chawal
304,2026-01-13 14:07:00,Simran,nice
305,2026-01-13 14:09:00,Neha,mere liye bhi rakhna
306,2026-01-13 17:19:00,Arjun,phone ki battery dead
307,2026-01-13 17:21:00,Simran,charger mere bag mein hai
308,2026-01-13 17:23:00,Rahul,mil gaya thnx
309,2026-01-13 17:25:00,Simran,cool
310,2026-01-13 20:08:00,Riya,phone ki battery dead
311,2026-01-13 20:10:00,Vikram,charger mere bag mein hai
312,2026-01-13 20:12:00,Simran,mil gaya thnx
313,2026-01-13 20:14:00,Riya,cool
314,2026-01-13 22:14:00,Priya,library chalna hai
315,2026-01-13 22:16:00,Vikram,seat milegi?
316,2026-01-13 22:18:00,Riya,second floor khaali hai
317,2026-01-13 22:20:00,Vikram,aa rha
318,2026-01-14 08:10:00,Priya,office se late niklunga
319,2026-01-14 08:12:00,Rahul,traffic bhot hai
320,2026-01-14 08:14:00,Rahul,take care
321,2026-01-14 08:16:00,Riya,ghar pahunch ke ping kr
322,2026-01-14 11:04:00,Riya,weekend movie?
323,2026-01-14 11:06:00,Priya,comedy dekhte hain
324,2026-01-14 11:08:00,Arjun,popcorn meri taraf se
325,2026-01-14 11:10:00,Arjun,done
326,2026-01-14 12:15:00,Aman,"Dentist appointment moved to 4 pm, chai later"
327,2026-01-14 14:17:00,Simran,office se late niklunga
328,2026-01-14 14:19:00,Arjun,traffic bhot hai
329,2026-01-14 14:21:00,Aman,take care
330,2026-01-14 14:23:00,Riya,ghar pahunch ke ping kr
331,2026-01-14 17:12:00,Aman,good morning
332,2026-01-14 17:14:00,Arjun,gym kaun aayega?
333,2026-01-14 17:16:00,Simran,aaj rest day 😂
334,2026-01-14 17:18:00,Aman,same
335,2026-01-14 20:09:00,Arjun,"Forwarded: heavy rain advisory, carry an umbrella"
336,2026-01-14 20:11:00,Arjun,baarish shuru
337,2026-01-14 20:13:00,Riya,kapde andar le lo 😂
338,2026-01-14 20:15:00,Simran,haan
339,2026-01-14 22:08:00,Arjun,lunch mein kya hai?
340,2026-01-14 22:10:00,Simran,rajma chawal
341,2026-01-14 22:12:00,Aman,nice
342,2026-01-14 22:14:00,Arjun,mere liye bhi rakhna
343,2026-01-15 08:12:00,Rahul,office se late niklunga
344,2026-01-15 08:14:00,Simran,traffic bhot hai
345,2026-01-15 08:16:00,Rahul,take care
346,2026-01-15 08:18:00,Aman,ghar pahunch ke ping kr
347,2026-01-15 11:18:00,Aman,weekend movie?
348,2026-01-15 11:20:00,Priya,comedy dekhte hain
349,2026-01-15 11:22:00,Arjun,popcorn meri taraf se
350,2026-01-15 11:24:00,Rahul,done
351,2026-01-15 14:05:00,Aman,phone ki battery dead
352,2026-01-15 14:07:00,Vikram,charger mere bag mein hai
353,2026-01-15 14:09:00,Arjun,mil gaya thnx
354,2026-01-15 14:11:00,Neha,cool
355,2026-01-15 17:14:00,Neha,Forwarded: campus blood donation camp on Saturday
356,2026-01-15 17:16:00,Neha,kahan pe?
357,2026-01-15 17:18:00,Arjun,main gate ke paas
358,2026-01-15 17:20:00,Vikram,okay
359,2026-01-15 20:08:00,Priya,good morning
360,2026-01-15 20:10:00,Simran,gym kaun aayega?
361,2026-01-15 20:12:00,Aman,aaj rest day 😂
362,2026-01-15 20:14:00,Aman,same
363,2026-01-15 22:07:00,Priya,"Forwarded: heavy rain advisory, carry an umbrella"
364,2026-01-15 22:09:00,Aman,baarish shuru
365,2026-01-15 22:11:00,Aman,kapde andar le lo 😂
366,2026-01-15 22:13:00,Riya,haan
367,2026-01-16 08:00:00,Rahul,Forwarded: campus blood donation camp on Saturday
368,2026-01-16 08:02:00,Riya,kahan pe?
369,2026-01-16 08:04:00,Rahul,main gate ke paas
370,2026-01-16 08:06:00,Simran,okay
371,2026-01-16 11:18:00,Riya,aaj match dekha?
372,2026-01-16 11:20:00,Simran,last over kya tha 🔥
373,2026-01-16 11:22:00,Vikram,haan
374,2026-01-16 11:24:00,Neha,<video omitted>
375,2026-01-16 14:19:00,Priya,ye meme dekho 😂
376,2026-01-16 14:21:00,Rahul,<image omitted>
377,2026-01-16 14:23:00,Vikram,😂
378,2026-01-16 14:25:00,Priya,bhai bas kar
379,2026-01-16 17:09:00,Arjun,kal lecture hai kya?
380,2026-01-16 17:11:00,Arjun,haan 9 baje
381,2026-01-16 17:13:00,Riya,notes bhej dena plss
382,2026-01-16 17:15:00,Priya,done
383,2026-01-16 20:03:00,Vikram,lunch mein kya hai?
384,2026-01-16 20:05:00,Priya,rajma chawal
385,2026-01-16 20:07:00,Aman,nice
386,2026-01-16 20:09:00,Neha,mere liye bhi rakhna
387,2026-01-16 22:11:00,Priya,good morning
388,2026-01-16 22:13:00,Neha,gym kaun aayega?
389,2026-01-16 22:15:00,Aman,aaj rest day 😂
390,2026-01-16 22:17:00,Arjun,same
391,2026-01-17 08:03:00,Arjun,internship form bhar diya?
392,2026-01-17 08:05:00,Neha,resume update krna hai
393,2026-01-17 08:07:00,Simran,I can review it tonight
394,2026-01-17 08:09:00,Rahul,thanks yaar
395,2026-01-17 11:05:00,Vikram,good morning
396,2026-01-17 11:07:00,Simran,gym kaun aayega?
397,2026-01-17 11:09:00,Simran,aaj rest day 😂
398,2026-01-17 11:11:00,Arjun,same
399,2026-01-17 14:10:00,Riya,library chalna hai
400,2026-01-17 14:12:00,Priya,seat milegi?
401,2026-01-17 14:14:00,Vikram,second floor khaali hai
402,2026-01-17 14:16:00,Simran,aa rha
403,2026-01-17 17:14:00,Arjun,lunch mein kya hai?
404,2026-01-17 17:16:00,Neha,rajma chawal
405,2026-01-17 17:18:00,Aman,nice
406,2026-01-17 17:20:00,Simran,mere liye bhi rakhna
407,2026-01-17 20:05:00,Simran,office se late niklunga
408,2026-01-17 20:07:00,Riya,traffic bhot hai
409,2026-01-17 20:09:00,Neha,take care
410,2026-01-17 20:11:00,Vikram,ghar pahunch ke ping kr
411,2026-01-17 22:08:00,Vikram,office se late niklunga
412,2026-01-17 22:10:00,Aman,traffic bhot hai
413,2026-01-17 22:12:00,Riya,take care
414,2026-01-17 22:14:00,Priya,ghar pahunch ke ping kr
415,2026-01-18 08:13:00,Simran,lunch mein kya hai?
416,2026-01-18 08:15:00,Riya,rajma chawal
417,2026-01-18 08:17:00,Simran,nice
418,2026-01-18 08:19:00,Simran,mere liye bhi rakhna
419,2026-01-18 11:00:00,Priya,phone ki battery dead
420,2026-01-18 11:02:00,Vikram,charger mere bag mein hai
421,2026-01-18 11:04:00,Riya,mil gaya thnx
422,2026-01-18 11:06:00,Arjun,cool
423,2026-01-18 14:09:00,Neha,lunch mein kya hai?
424,2026-01-18 14:11:00,Simran,rajma chawal
425,2026-01-18 14:13:00,Neha,nice
426,2026-01-18 14:15:00,Arjun,mere liye bhi rakhna
427,2026-01-18 17:11:00,Simran,office se late niklunga
428,2026-01-18 17:13:00,Vikram,traffic bhot hai
429,2026-01-18 17:15:00,Vikram,take care
430,2026-01-18 17:17:00,Vikram,ghar pahunch ke ping kr
431,2026-01-18 20:03:00,Riya,lunch mein kya hai?
432,2026-01-18 20:05:00,Neha,rajma chawal
433,2026-01-18 20:07:00,Priya,nice
434,2026-01-18 20:09:00,Rahul,mere liye bhi rakhna
435,2026-01-18 22:06:00,Simran,Forwarded: campus blood donation camp on Saturday
436,2026-01-18 22:08:00,Vikram,kahan pe?
437,2026-01-18 22:10:00,Vikram,main gate ke paas
438,2026-01-18 22:12:00,Priya,okay
439,2026-01-19 08:09:00,Riya,Forwarded: campus blood donation camp on Saturday
440,2026-01-19 08:11:00,Neha,kahan pe?
441,2026-01-19 08:13:00,Rahul,main gate ke paas
442,2026-01-19 08:15:00,Vikram,okay
443,2026-01-19 11:17:00,Rahul,kal lecture hai kya?
444,2026-01-19 11:19:00,Vikram,haan 9 baje
445,2026-01-19 11:21:00,Aman,notes bhej dena plss
446,2026-01-19 11:23:00,Aman,done
447,2026-01-19 14:04:00,Simran,<document omitted>
448,2026-01-19 14:06:00,Priya,ye maths worksheet hai
449,2026-01-19 14:08:00,Aman,thank you!
450,2026-01-19 14:10:00,Vikram,kal solve karte
451,2026-01-19 17:15:00,Simran,internship form bhar diya?
452,2026-01-19 17:17:00,Neha,resume update krna hai
453,2026-01-19 17:19:00,Rahul,I can review it tonight
454,2026-01-19 17:21:00,Aman,thanks yaar
455,2026-01-19 20:15:00,Priya,library chalna hai
456,2026-01-19 20:17:00,Priya,seat milegi?
457,2026-01-19 20:19:00,Arjun,second floor khaali hai
458,2026-01-19 20:21:00,Simran,aa rha
459,2026-01-19 22:18:00,Aman,wifi fir se gaya 😭
460,2026-01-19 22:20:00,Rahul,router restart kr
461,2026-01-19 22:22:00,Rahul,kiya bhai
462,2026-01-19 22:24:00,Vikram,ab chal raha 😂
463,2026-01-20 08:07:00,Priya,wifi fir se gaya 😭
464,2026-01-20 08:09:00,Arjun,router restart kr
465,2026-01-20 08:11:00,Riya,kiya bhai
466,2026-01-20 08:13:00,Arjun,ab chal raha 😂
467,2026-01-20 11:14:00,Vikram,phone ki battery dead
468,2026-01-20 11:16:00,Arjun,charger mere bag mein hai
469,2026-01-20 11:18:00,Vikram,mil gaya thnx
470,2026-01-20 11:20:00,Aman,cool
471,2026-01-20 14:06:00,Riya,aaj match dekha?
472,2026-01-20 14:08:00,Vikram,last over kya tha 🔥
473,2026-01-20 14:10:00,Priya,haan
474,2026-01-20 14:12:00,Rahul,<video omitted>
475,2026-01-20 17:05:00,Priya,lunch mein kya hai?
476,2026-01-20 17:07:00,Rahul,rajma chawal
477,2026-01-20 17:09:00,Aman,nice
478,2026-01-20 17:11:00,Arjun,mere liye bhi rakhna
479,2026-01-20 20:19:00,Simran,phone ki battery dead
480,2026-01-20 20:21:00,Vikram,charger mere bag mein hai
481,2026-01-20 20:23:00,Aman,mil gaya thnx
482,2026-01-20 20:25:00,Riya,cool
483,2026-01-20 22:09:00,Simran,<document omitted>
484,2026-01-20 22:11:00,Priya,ye maths worksheet hai
485,2026-01-20 22:13:00,Riya,thank you!
486,2026-01-20 22:15:00,Vikram,kal solve karte
487,2026-01-21 08:13:00,Priya,Forwarded: campus blood donation camp on Saturday
488,2026-01-21 08:15:00,Riya,kahan pe?
489,2026-01-21 08:17:00,Rahul,main gate ke paas
490,2026-01-21 08:19:00,Vikram,okay
491,2026-01-21 11:02:00,Aman,assignment upload ho gaya?
492,2026-01-21 11:04:00,Rahul,server busy aa raha
493,2026-01-21 11:06:00,Vikram,try again after dinner
494,2026-01-21 11:08:00,Vikram,done
495,2026-01-21 14:03:00,Simran,phone ki battery dead
496,2026-01-21 14:05:00,Vikram,charger mere bag mein hai
497,2026-01-21 14:07:00,Arjun,mil gaya thnx
498,2026-01-21 14:09:00,Vikram,cool
499,2026-01-21 17:14:00,Priya,internship form bhar diya?
500,2026-01-21 17:16:00,Aman,resume update krna hai
501,2026-01-21 17:18:00,Arjun,I can review it tonight
502,2026-01-21 17:20:00,Neha,thanks yaar
503,2026-01-21 20:00:00,Priya,library chalna hai
504,2026-01-21 20:02:00,Riya,seat milegi?
505,2026-01-21 20:04:00,Aman,second floor khaali hai
506,2026-01-21 20:06:00,Vikram,aa rha
507,2026-01-21 22:05:00,Simran,chai peene aa rahe?
508,2026-01-21 22:07:00,Simran,nhi yaar
509,2026-01-21 22:09:00,Vikram,canteen mein samosa bhi hai
510,2026-01-21 22:11:00,Rahul,acha
511,2026-01-21 22:13:00,Arjun,bas 5 min
512,2026-01-22 08:02:00,Simran,internship form bhar diya?
513,2026-01-22 08:04:00,Neha,resume update krna hai
514,2026-01-22 08:06:00,Arjun,I can review it tonight
515,2026-01-22 08:08:00,Neha,thanks yaar
516,2026-01-22 11:03:00,Rahul,office se late niklunga
517,2026-01-22 11:05:00,Neha,traffic bhot hai
518,2026-01-22 11:07:00,Arjun,take care
519,2026-01-22 11:09:00,Simran,ghar pahunch ke ping kr
520,2026-01-22 14:12:00,Aman,<document omitted>
521,2026-01-22 14:14:00,Simran,ye maths worksheet hai
522,2026-01-22 14:16:00,Priya,thank you!
523,2026-01-22 14:18:00,Neha,kal solve karte
524,2026-01-22 17:10:00,Priya,library chalna hai
525,2026-01-22 17:12:00,Arjun,seat milegi?
526,2026-01-22 17:14:00,Aman,second floor khaali hai
527,2026-01-22 17:16:00,Simran,aa rha
528,2026-01-22 20:01:00,Riya,good morning
529,2026-01-22 20:03:00,Neha,gym kaun aayega?
530,2026-01-22 20:05:00,Simran,aaj rest day 😂
531,2026-01-22 20:07:00,Simran,same
532,2026-01-22 22:06:00,Vikram,chai peene aa rahe?
533,2026-01-22 22:08:00,Rahul,nhi yaar
534,2026-01-22 22:10:00,Vikram,canteen mein samosa bhi hai
535,2026-01-22 22:12:00,Simran,acha
536,2026-01-22 22:14:00,Simran,bas 5 min
537,2026-01-23 08:00:00,Riya,aaj match dekha?
538,2026-01-23 08:02:00,Rahul,last over kya tha 🔥
539,2026-01-23 08:04:00,Vikram,haan
540,2026-01-23 08:06:00,Aman,<video omitted>
541,2026-01-23 11:02:00,Riya,good morning
542,2026-01-23 11:04:00,Priya,gym kaun aayega?
543,2026-01-23 11:06:00,Simran,aaj rest day 😂
544,2026-01-23 11:08:00,Priya,same
545,2026-01-23 14:15:00,Vikram,assignment upload ho gaya?
546,2026-01-23 14:17:00,Vikram,server busy aa raha
547,2026-01-23 14:19:00,Arjun,try again after dinner
548,2026-01-23 14:21:00,Simran,done
549,2026-01-23 17:07:00,Simran,internship form bhar diya?
550,2026-01-23 17:09:00,Rahul,resume update krna hai
551,2026-01-23 17:11:00,Arjun,I can review it tonight
552,2026-01-23 17:13:00,Riya,thanks yaar
553,2026-01-23 20:02:00,Vikram,assignment upload ho gaya?
554,2026-01-23 20:04:00,Arjun,server busy aa raha
555,2026-01-23 20:06:00,Neha,try again after dinner
556,2026-01-23 20:08:00,Vikram,done
557,2026-01-23 22:09:00,Vikram,kal lecture hai kya?
558,2026-01-23 22:11:00,Simran,haan 9 baje
559,2026-01-23 22:13:00,Rahul,notes bhej dena plss
560,2026-01-23 22:15:00,Simran,done
561,2026-01-24 08:11:00,Neha,internship form bhar diya?
562,2026-01-24 08:13:00,Arjun,resume update krna hai
563,2026-01-24 08:15:00,Simran,I can review it tonight
564,2026-01-24 08:17:00,Neha,thanks yaar
565,2026-01-24 11:07:00,Arjun,Forwarded: campus blood donation camp on Saturday
566,2026-01-24 11:09:00,Riya,kahan pe?
567,2026-01-24 11:11:00,Arjun,main gate ke paas
568,2026-01-24 11:13:00,Aman,okay
569,2026-01-24 14:15:00,Arjun,office se late niklunga
570,2026-01-24 14:17:00,Arjun,traffic bhot hai
571,2026-01-24 14:19:00,Rahul,take care
572,2026-01-24 14:21:00,Simran,ghar pahunch ke ping kr
573,2026-01-24 17:04:00,Neha,chai peene aa rahe?
574,2026-01-24 17:06:00,Priya,nhi yaar
575,2026-01-24 17:08:00,Simran,canteen mein samosa bhi hai
576,2026-01-24 17:10:00,Priya,acha
577,2026-01-24 17:12:00,Simran,bas 5 min
578,2026-01-24 20:04:00,Arjun,kal lecture hai kya?
579,2026-01-24 20:06:00,Rahul,haan 9 baje
580,2026-01-24 20:08:00,Priya,notes bhej dena plss
581,2026-01-24 20:10:00,Simran,done
582,2026-01-24 22:10:00,Arjun,library chalna hai
583,2026-01-24 22:12:00,Priya,seat milegi?
584,2026-01-24 22:14:00,Neha,second floor khaali hai
585,2026-01-24 22:16:00,Arjun,aa rha
586,2026-01-25 08:15:00,Aman,office se late niklunga
587,2026-01-25 08:17:00,Priya,traffic bhot hai
588,2026-01-25 08:19:00,Riya,take care
589,2026-01-25 08:21:00,Vikram,ghar pahunch ke ping kr
590,2026-01-25 11:02:00,Arjun,lunch mein kya hai?
591,2026-01-25 11:04:00,Priya,rajma chawal
592,2026-01-25 11:06:00,Priya,nice
593,2026-01-25 11:08:00,Simran,mere liye bhi rakhna
594,2026-01-25 14:09:00,Aman,ye meme dekho 😂
595,2026-01-25 14:11:00,Aman,<image omitted>
596,2026-01-25 14:13:00,Neha,😂
597,2026-01-25 14:15:00,Aman,bhai bas kar
598,2026-01-25 17:11:00,Neha,<document omitted>
599,2026-01-25 17:13:00,Arjun,ye maths worksheet hai
600,2026-01-25 17:15:00,Rahul,thank you!
601,2026-01-25 17:17:00,Riya,kal solve karte
602,2026-01-25 20:18:00,Rahul,good morning
603,2026-01-25 20:20:00,Rahul,gym kaun aayega?
604,2026-01-25 20:22:00,Rahul,aaj rest day 😂
605,2026-01-25 20:24:00,Priya,same
606,2026-01-25 22:19:00,Riya,weekend movie?
607,2026-01-25 22:21:00,Simran,comedy dekhte hain
608,2026-01-25 22:23:00,Rahul,popcorn meri taraf se
609,2026-01-25 22:25:00,Riya,done
610,2026-01-26 08:08:00,Simran,phone ki battery dead
611,2026-01-26 08:10:00,Vikram,charger mere bag mein hai
612,2026-01-26 08:12:00,Aman,mil gaya thnx
613,2026-01-26 08:14:00,Simran,cool
614,2026-01-26 11:17:00,Rahul,<document omitted>
615,2026-01-26 11:19:00,Priya,ye maths worksheet hai
616,2026-01-26 11:21:00,Simran,thank you!
617,2026-01-26 11:23:00,Neha,kal solve karte
618,2026-01-26 14:13:00,Vikram,<document omitted>
619,2026-01-26 14:15:00,Simran,ye maths worksheet hai
620,2026-01-26 14:17:00,Vikram,thank you!
621,2026-01-26 14:19:00,Riya,kal solve karte
622,2026-01-26 17:15:00,Priya,weekend movie?
623,2026-01-26 17:17:00,Riya,comedy dekhte hain
624,2026-01-26 17:19:00,Arjun,popcorn meri taraf se
625,2026-01-26 17:21:00,Neha,done
626,2026-01-26 20:09:00,Aman,<document omitted>
627,2026-01-26 20:11:00,Arjun,ye maths worksheet hai
628,2026-01-26 20:13:00,Vikram,thank you!
629,2026-01-26 20:15:00,Aman,kal solve karte
630,2026-01-26 22:19:00,Simran,chai peene aa rahe?
631,2026-01-26 22:21:00,Vikram,nhi yaar
632,2026-01-26 22:23:00,Riya,canteen mein samosa bhi hai
633,2026-01-26 22:25:00,Neha,acha
634,2026-01-26 22:27:00,Riya,bas 5 min
635,2026-01-27 08:19:00,Vikram,Forwarded: campus blood donation camp on Saturday
636,2026-01-27 08:21:00,Rahul,kahan pe?
637,2026-01-27 08:23:00,Priya,main gate ke paas
638,2026-01-27 08:25:00,Aman,okay
639,2026-01-27 11:14:00,Aman,<document omitted>
640,2026-01-27 11:16:00,Neha,ye maths worksheet hai
641,2026-01-27 11:18:00,Rahul,thank you!
642,2026-01-27 11:20:00,Priya,kal solve karte
643,2026-01-27 14:10:00,Arjun,<document omitted>
644,2026-01-27 14:12:00,Rahul,ye maths worksheet hai
645,2026-01-27 14:14:00,Riya,thank you!
646,2026-01-27 14:16:00,Rahul,kal solve karte
647,2026-01-27 17:16:00,Vikram,"Forwarded: heavy rain advisory, carry an umbrella"
648,2026-01-27 17:18:00,Rahul,baarish shuru
649,2026-01-27 17:20:00,Vikram,kapde andar le lo 😂
650,2026-01-27 17:22:00,Simran,haan
651,2026-01-27 20:10:00,Priya,<document omitted>
652,2026-01-27 20:12:00,Simran,ye maths worksheet hai
653,2026-01-27 20:14:00,Priya,thank you!
654,2026-01-27 20:16:00,Rahul,kal solve karte
655,2026-01-27 22:12:00,Neha,lunch mein kya hai?
656,2026-01-27 22:14:00,Priya,rajma chawal
657,2026-01-27 22:16:00,Arjun,nice
658,2026-01-27 22:18:00,Aman,mere liye bhi rakhna
659,2026-01-28 08:17:00,Priya,library chalna hai
660,2026-01-28 08:19:00,Simran,seat milegi?
661,2026-01-28 08:21:00,Neha,second floor khaali hai
662,2026-01-28 08:23:00,Vikram,aa rha
663,2026-01-28 11:11:00,Priya,weekend movie?
664,2026-01-28 11:13:00,Riya,comedy dekhte hain
665,2026-01-28 11:15:00,Simran,popcorn meri taraf se
666,2026-01-28 11:17:00,Aman,done
667,2026-01-28 14:19:00,Riya,office se late niklunga
668,2026-01-28 14:21:00,Priya,traffic bhot hai
669,2026-01-28 14:23:00,Simran,take care
670,2026-01-28 14:25:00,Vikram,ghar pahunch ke ping kr
671,2026-01-28 17:03:00,Rahul,good morning
672,2026-01-28 17:05:00,Aman,gym kaun aayega?
673,2026-01-28 17:07:00,Aman,aaj rest day 😂
674,2026-01-28 17:09:00,Vikram,same
675,2026-01-28 20:03:00,Priya,internship form bhar diya?
676,2026-01-28 20:05:00,Riya,resume update krna hai
677,2026-01-28 20:07:00,Rahul,I can review it tonight
678,2026-01-28 20:09:00,Arjun,thanks yaar
679,2026-01-28 22:11:00,Arjun,phone ki battery dead
680,2026-01-28 22:13:00,Rahul,charger mere bag mein hai
681,2026-01-28 22:15:00,Arjun,mil gaya thnx
682,2026-01-28 22:17:00,Priya,cool
683,2026-01-29 08:19:00,Arjun,internship form bhar diya?
684,2026-01-29 08:21:00,Vikram,resume update krna hai
685,2026-01-29 08:23:00,Aman,I can review it tonight
686,2026-01-29 08:25:00,Neha,thanks yaar
687,2026-01-29 11:14:00,Simran,Forwarded: campus blood donation camp on Saturday
688,2026-01-29 11:16:00,Riya,kahan pe?
689,2026-01-29 11:18:00,Neha,main gate ke paas
690,2026-01-29 11:20:00,Priya,okay
691,2026-01-29 14:17:00,Neha,"Forwarded: heavy rain advisory, carry an umbrella"
692,2026-01-29 14:19:00,Aman,baarish shuru
693,2026-01-29 14:21:00,Arjun,kapde andar le lo 😂
694,2026-01-29 14:23:00,Vikram,haan
695,2026-01-29 17:03:00,Simran,Forwarded: campus blood donation camp on Saturday
696,2026-01-29 17:05:00,Priya,kahan pe?
697,2026-01-29 17:07:00,Riya,main gate ke paas
698,2026-01-29 17:09:00,Aman,okay
699,2026-01-29 20:10:00,Riya,chai peene aa rahe?
700,2026-01-29 20:12:00,Rahul,nhi yaar
701,2026-01-29 20:14:00,Riya,canteen mein samosa bhi hai
702,2026-01-29 20:16:00,Priya,acha
703,2026-01-29 20:18:00,Riya,bas 5 min
704,2026-01-29 22:07:00,Neha,Forwarded: campus blood donation camp on Saturday
705,2026-01-29 22:09:00,Rahul,kahan pe?
706,2026-01-29 22:11:00,Aman,main gate ke paas
707,2026-01-29 22:13:00,Vikram,okay
708,2026-01-30 08:04:00,Vikram,assignment upload ho gaya?
709,2026-01-30 08:06:00,Rahul,server busy aa raha
710,2026-01-30 08:08:00,Priya,try again after dinner
711,2026-01-30 08:10:00,Aman,done
712,2026-01-30 11:00:00,Neha,assignment upload ho gaya?
713,2026-01-30 11:02:00,Riya,server busy aa raha
714,2026-01-30 11:04:00,Neha,try again after dinner
715,2026-01-30 11:06:00,Aman,done
716,2026-01-30 14:08:00,Aman,ye meme dekho 😂
717,2026-01-30 14:10:00,Rahul,<image omitted>
718,2026-01-30 14:12:00,Arjun,😂
719,2026-01-30 14:14:00,Priya,bhai bas kar
720,2026-01-30 17:15:00,Simran,wifi fir se gaya 😭
721,2026-01-30 17:17:00,Neha,router restart kr
722,2026-01-30 17:19:00,Priya,kiya bhai
723,2026-01-30 17:21:00,Simran,ab chal raha 😂
724,2026-01-30 20:19:00,Aman,lunch mein kya hai?
725,2026-01-30 20:21:00,Vikram,rajma chawal
726,2026-01-30 20:23:00,Simran,nice
727,2026-01-30 20:25:00,Aman,mere liye bhi rakhna
728,2026-01-30 22:15:00,Arjun,chai peene aa rahe?
729,2026-01-30 22:17:00,Arjun,nhi yaar
730,2026-01-30 22:19:00,Priya,canteen mein samosa bhi hai
731,2026-01-30 22:21:00,Simran,acha
732,2026-01-30 22:23:00,Simran,bas 5 min
733,2026-01-31 08:02:00,Neha,wifi fir se gaya 😭
734,2026-01-31 08:04:00,Rahul,router restart kr
735,2026-01-31 08:06:00,Priya,kiya bhai
736,2026-01-31 08:08:00,Rahul,ab chal raha 😂
737,2026-01-31 11:19:00,Neha,library chalna hai
738,2026-01-31 11:21:00,Arjun,seat milegi?
739,2026-01-31 11:23:00,Vikram,second floor khaali hai
740,2026-01-31 11:25:00,Simran,aa rha
741,2026-01-31 14:03:00,Priya,good morning
742,2026-01-31 14:05:00,Riya,gym kaun aayega?
743,2026-01-31 14:07:00,Arjun,aaj rest day 😂
744,2026-01-31 14:09:00,Simran,same
745,2026-01-31 17:13:00,Neha,lunch mein kya hai?
746,2026-01-31 17:15:00,Simran,rajma chawal
747,2026-01-31 17:17:00,Arjun,nice
748,2026-01-31 17:19:00,Arjun,mere liye bhi rakhna
749,2026-01-31 20:10:00,Arjun,aaj match dekha?
750,2026-01-31 20:12:00,Neha,last over kya tha 🔥
751,2026-01-31 20:14:00,Vikram,haan
752,2026-01-31 20:16:00,Neha,<video omitted>
753,2026-01-31 22:15:00,Priya,assignment upload ho gaya?
754,2026-01-31 22:17:00,Priya,server busy aa raha
755,2026-01-31 22:19:00,Priya,try again after dinner
756,2026-01-31 22:21:00,Priya,done
757,2026-02-01 08:03:00,Neha,good morning
758,2026-02-01 08:05:00,Rahul,gym kaun aayega?
759,2026-02-01 08:07:00,Aman,aaj rest day 😂
760,2026-02-01 08:09:00,Neha,same
761,2026-02-01 11:13:00,Neha,aaj match dekha?
762,2026-02-01 11:15:00,Arjun,last over kya tha 🔥
763,2026-02-01 11:17:00,Aman,haan
764,2026-02-01 11:19:00,Vikram,<video omitted>
765,2026-02-01 14:11:00,Priya,<document omitted>
766,2026-02-01 14:13:00,Riya,ye maths worksheet hai
767,2026-02-01 14:15:00,Rahul,thank you!
768,2026-02-01 14:17:00,Simran,kal solve karte
769,2026-02-01 17:03:00,Neha,lunch mein kya hai?
770,2026-02-01 17:05:00,Neha,rajma chawal
771,2026-02-01 17:07:00,Priya,nice
772,2026-02-01 17:09:00,Vikram,mere liye bhi rakhna
773,2026-02-01 20:13:00,Aman,lunch mein kya hai?
774,2026-02-01 20:15:00,Vikram,rajma chawal
775,2026-02-01 20:17:00,Aman,nice
776,2026-02-01 20:19:00,Rahul,mere liye bhi rakhna
777,2026-02-01 22:09:00,Neha,library chalna hai
778,2026-02-01 22:11:00,Neha,seat milegi?
779,2026-02-01 22:13:00,Aman,second floor khaali hai
780,2026-02-01 22:15:00,Rahul,aa rha
781,2026-02-02 08:18:00,Arjun,assignment upload ho gaya?
782,2026-02-02 08:20:00,Priya,server busy aa raha
783,2026-02-02 08:22:00,Rahul,try again after dinner
784,2026-02-02 08:24:00,Aman,done
785,2026-02-02 11:16:00,Riya,wifi fir se gaya 😭
786,2026-02-02 11:18:00,Arjun,router restart kr
787,2026-02-02 11:20:00,Arjun,kiya bhai
788,2026-02-02 11:22:00,Simran,ab chal raha 😂
789,2026-02-02 14:05:00,Neha,office se late niklunga
790,2026-02-02 14:07:00,Vikram,traffic bhot hai
791,2026-02-02 14:09:00,Neha,take care
792,2026-02-02 14:11:00,Priya,ghar pahunch ke ping kr
793,2026-02-02 17:04:00,Rahul,chai peene aa rahe?
794,2026-02-02 17:06:00,Aman,nhi yaar
795,2026-02-02 17:08:00,Priya,canteen mein samosa bhi hai
796,2026-02-02 17:10:00,Vikram,acha
797,2026-02-02 17:12:00,Simran,bas 5 min
798,2026-02-02 20:15:00,Simran,good morning
799,2026-02-02 20:17:00,Arjun,gym kaun aayega?
800,2026-02-02 20:19:00,Vikram,aaj rest day 😂
801,2026-02-02 20:21:00,Riya,same
802,2026-02-02 22:11:00,Arjun,aaj match dekha?
803,2026-02-02 22:13:00,Priya,last over kya tha 🔥
804,2026-02-02 22:15:00,Vikram,haan
805,2026-02-02 22:17:00,Simran,<video omitted>
806,2026-02-03 08:01:00,Riya,<document omitted>
807,2026-02-03 08:03:00,Arjun,ye maths worksheet hai
808,2026-02-03 08:05:00,Aman,thank you!
809,2026-02-03 08:07:00,Aman,kal solve karte
810,2026-02-03 11:09:00,Riya,Forwarded: campus blood donation camp on Saturday
811,2026-02-03 11:11:00,Rahul,kahan pe?
812,2026-02-03 11:13:00,Vikram,main gate ke paas
813,2026-02-03 11:15:00,Vikram,okay
814,2026-02-03 14:03:00,Aman,office se late niklunga
815,2026-02-03 14:05:00,Simran,traffic bhot hai
816,2026-02-03 14:07:00,Arjun,take care
817,2026-02-03 14:09:00,Rahul,ghar pahunch ke ping kr
818,2026-02-03 17:12:00,Riya,assignment upload ho gaya?
819,2026-02-03 17:14:00,Neha,server busy aa raha
820,2026-02-03 17:16:00,Priya,try again after dinner
821,2026-02-03 17:18:00,Arjun,done
822,2026-02-03 20:13:00,Aman,chai peene aa rahe?
823,2026-02-03 20:15:00,Simran,nhi yaar
824,2026-02-03 20:17:00,Priya,canteen mein samosa bhi hai
825,2026-02-03 20:19:00,Neha,acha
826,2026-02-03 20:21:00,Arjun,bas 5 min
827,2026-02-03 22:13:00,Vikram,weekend movie?
828,2026-02-03 22:15:00,Priya,comedy dekhte hain
829,2026-02-03 22:17:00,Arjun,popcorn meri taraf se
830,2026-02-03 22:19:00,Aman,done
831,2026-02-04 08:05:00,Simran,office se late niklunga
832,2026-02-04 08:07:00,Neha,traffic bhot hai
833,2026-02-04 08:09:00,Priya,take care
834,2026-02-04 08:11:00,Arjun,ghar pahunch ke ping kr
835,2026-02-04 11:07:00,Arjun,aaj match dekha?
836,2026-02-04 11:09:00,Arjun,last over kya tha 🔥
837,2026-02-04 11:11:00,Priya,haan
838,2026-02-04 11:13:00,Arjun,<video omitted>
839,2026-02-04 14:10:00,Riya,<document omitted>
840,2026-02-04 14:12:00,Neha,ye maths worksheet hai
841,2026-02-04 14:14:00,Rahul,thank you!
842,2026-02-04 14:16:00,Priya,kal solve karte
843,2026-02-04 17:16:00,Riya,aaj match dekha?
844,2026-02-04 17:18:00,Neha,last over kya tha 🔥
845,2026-02-04 17:20:00,Neha,haan
846,2026-02-04 17:22:00,Rahul,<video omitted>
847,2026-02-04 20:03:00,Rahul,lunch mein kya hai?
848,2026-02-04 20:05:00,Vikram,rajma chawal
849,2026-02-04 20:07:00,Riya,nice
850,2026-02-04 20:09:00,Rahul,mere liye bhi rakhna
851,2026-02-04 22:02:00,Rahul,assignment upload ho gaya?
852,2026-02-04 22:04:00,Simran,server busy aa raha
853,2026-02-04 22:06:00,Simran,try again after dinner
854,2026-02-04 22:08:00,Simran,done
855,2026-02-05 08:10:00,Rahul,office se late niklunga
856,2026-02-05 08:12:00,Simran,traffic bhot hai
857,2026-02-05 08:14:00,Priya,take care
858,2026-02-05 08:16:00,Simran,ghar pahunch ke ping kr
859,2026-02-05 11:09:00,Vikram,phone ki battery dead
860,2026-02-05 11:11:00,Aman,charger mere bag mein hai
861,2026-02-05 11:13:00,Neha,mil gaya thnx
862,2026-02-05 11:15:00,Priya,cool
863,2026-02-05 14:00:00,Riya,Meri chabiyan library ke blue sofa ke neeche mili
864,2026-02-05 14:14:00,Simran,<document omitted>
865,2026-02-05 14:16:00,Aman,ye maths worksheet hai
866,2026-02-05 14:18:00,Aman,thank you!
867,2026-02-05 14:20:00,Neha,kal solve karte
868,2026-02-05 17:02:00,Priya,<document omitted>
869,2026-02-05 17:04:00,Arjun,ye maths worksheet hai
870,2026-02-05 17:06:00,Simran,thank you!
871,2026-02-05 17:08:00,Aman,kal solve karte
872,2026-02-05 20:18:00,Riya,phone ki battery dead
873,2026-02-05 20:20:00,Neha,charger mere bag mein hai
874,2026-02-05 20:22:00,Simran,mil gaya thnx
875,2026-02-05 20:24:00,Rahul,cool
876,2026-02-05 22:14:00,Priya,chai peene aa rahe?
877,2026-02-05 22:16:00,Neha,nhi yaar
878,2026-02-05 22:18:00,Priya,canteen mein samosa bhi hai
879,2026-02-05 22:20:00,Rahul,acha
880,2026-02-05 22:22:00,Aman,bas 5 min
881,2026-02-06 08:14:00,Simran,lunch mein kya hai?
882,2026-02-06 08:16:00,Rahul,rajma chawal
883,2026-02-06 08:18:00,Neha,nice
884,2026-02-06 08:20:00,Neha,mere liye bhi rakhna
885,2026-02-06 11:12:00,Arjun,<document omitted>
886,2026-02-06 11:14:00,Neha,ye maths worksheet hai
887,2026-02-06 11:16:00,Aman,thank you!
888,2026-02-06 11:18:00,Neha,kal solve karte
889,2026-02-06 14:10:00,Priya,wifi fir se gaya 😭
890,2026-02-06 14:12:00,Arjun,router restart kr
891,2026-02-06 14:14:00,Vikram,kiya bhai
892,2026-02-06 14:16:00,Vikram,ab chal raha 😂
893,2026-02-06 17:10:00,Priya,assignment upload ho gaya?
894,2026-02-06 17:12:00,Rahul,server busy aa raha
895,2026-02-06 17:14:00,Neha,try again after dinner
896,2026-02-06 17:16:00,Vikram,done
897,2026-02-06 20:04:00,Priya,weekend movie?
898,2026-02-06 20:06:00,Vikram,comedy dekhte hain
899,2026-02-06 20:08:00,Arjun,popcorn meri taraf se
900,2026-02-06 20:10:00,Neha,done
901,2026-02-06 22:16:00,Priya,assignment upload ho gaya?
902,2026-02-06 22:18:00,Arjun,server busy aa raha
903,2026-02-06 22:20:00,Neha,try again after dinner
904,2026-02-06 22:22:00,Aman,done
905,2026-02-07 08:09:00,Rahul,"Forwarded: heavy rain advisory, carry an umbrella"
906,2026-02-07 08:11:00,Riya,baarish shuru
907,2026-02-07 08:13:00,Neha,kapde andar le lo 😂
908,2026-02-07 08:15:00,Simran,haan
909,2026-02-07 11:07:00,Rahul,Forwarded: campus blood donation camp on Saturday
910,2026-02-07 11:09:00,Rahul,kahan pe?
911,2026-02-07 11:11:00,Priya,main gate ke paas
912,2026-02-07 11:13:00,Vikram,okay
913,2026-02-07 14:16:00,Aman,aaj match dekha?
914,2026-02-07 14:18:00,Neha,last over kya tha 🔥
915,2026-02-07 14:20:00,Rahul,haan
916,2026-02-07 14:22:00,Arjun,<video omitted>
917,2026-02-07 17:05:00,Rahul,assignment upload ho gaya?
918,2026-02-07 17:07:00,Rahul,server busy aa raha
919,2026-02-07 17:09:00,Simran,try again after dinner
920,2026-02-07 17:11:00,Aman,done
921,2026-02-07 20:11:00,Riya,good morning
922,2026-02-07 20:13:00,Simran,gym kaun aayega?
923,2026-02-07 20:15:00,Vikram,aaj rest day 😂
924,2026-02-07 20:17:00,Simran,same
925,2026-02-07 22:17:00,Riya,lunch mein kya hai?
926,2026-02-07 22:19:00,Vikram,rajma chawal
927,2026-02-07 22:21:00,Simran,nice
928,2026-02-07 22:23:00,Riya,mere liye bhi rakhna
929,2026-02-08 08:18:00,Simran,"Forwarded: heavy rain advisory, carry an umbrella"
930,2026-02-08 08:20:00,Simran,baarish shuru
931,2026-02-08 08:22:00,Vikram,kapde andar le lo 😂
932,2026-02-08 08:24:00,Arjun,haan
933,2026-02-08 11:05:00,Riya,good morning
934,2026-02-08 11:07:00,Rahul,gym kaun aayega?
935,2026-02-08 11:09:00,Vikram,aaj rest day 😂
936,2026-02-08 11:11:00,Aman,same
937,2026-02-08 14:11:00,Priya,internship form bhar diya?
938,2026-02-08 14:13:00,Priya,resume update krna hai
939,2026-02-08 14:15:00,Vikram,I can review it tonight
940,2026-02-08 14:17:00,Priya,thanks yaar
941,2026-02-08 17:08:00,Simran,ye meme dekho 😂
942,2026-02-08 17:10:00,Rahul,<image omitted>
943,2026-02-08 17:12:00,Arjun,😂
944,2026-02-08 17:14:00,Priya,bhai bas kar
945,2026-02-08 20:14:00,Neha,lunch mein kya hai?
946,2026-02-08 20:16:00,Aman,rajma chawal
947,2026-02-08 20:18:00,Arjun,nice
948,2026-02-08 20:20:00,Aman,mere liye bhi rakhna
949,2026-02-08 22:16:00,Neha,weekend movie?
950,2026-02-08 22:18:00,Riya,comedy dekhte hain
951,2026-02-08 22:20:00,Arjun,popcorn meri taraf se
952,2026-02-08 22:22:00,Priya,done
953,2026-02-09 08:07:00,Aman,"Forwarded: heavy rain advisory, carry an umbrella"
954,2026-02-09 08:09:00,Neha,baarish shuru
955,2026-02-09 08:11:00,Priya,kapde andar le lo 😂
956,2026-02-09 08:13:00,Neha,haan
957,2026-02-09 11:04:00,Aman,assignment upload ho gaya?
958,2026-02-09 11:06:00,Vikram,server busy aa raha
959,2026-02-09 11:08:00,Simran,try again after dinner
960,2026-02-09 11:10:00,Rahul,done
961,2026-02-09 14:14:00,Aman,internship form bhar diya?
962,2026-02-09 14:16:00,Priya,resume update krna hai
963,2026-02-09 14:18:00,Aman,I can review it tonight
964,2026-02-09 14:20:00,Vikram,thanks yaar
965,2026-02-09 17:04:00,Arjun,Forwarded: campus blood donation camp on Saturday
966,2026-02-09 17:06:00,Priya,kahan pe?
967,2026-02-09 17:08:00,Vikram,main gate ke paas
968,2026-02-09 17:10:00,Riya,okay
969,2026-02-09 20:03:00,Aman,<document omitted>
970,2026-02-09 20:05:00,Riya,ye maths worksheet hai
971,2026-02-09 20:07:00,Arjun,thank you!
972,2026-02-09 20:09:00,Simran,kal solve karte
973,2026-02-09 22:03:00,Simran,wifi fir se gaya 😭
974,2026-02-09 22:05:00,Aman,router restart kr
975,2026-02-09 22:07:00,Riya,kiya bhai
976,2026-02-09 22:09:00,Rahul,ab chal raha 😂
977,2026-02-10 08:13:00,Aman,<document omitted>
978,2026-02-10 08:15:00,Neha,ye maths worksheet hai
979,2026-02-10 08:17:00,Riya,thank you!
980,2026-02-10 08:19:00,Arjun,kal solve karte
981,2026-02-10 11:02:00,Neha,ye meme dekho 😂
982,2026-02-10 11:04:00,Priya,<image omitted>
983,2026-02-10 11:06:00,Aman,😂
984,2026-02-10 11:08:00,Arjun,bhai bas kar
985,2026-02-10 14:01:00,Arjun,internship form bhar diya?
986,2026-02-10 14:03:00,Neha,resume update krna hai
987,2026-02-10 14:05:00,Vikram,I can review it tonight
988,2026-02-10 14:07:00,Aman,thanks yaar
989,2026-02-10 17:02:00,Neha,"Forwarded: heavy rain advisory, carry an umbrella"
990,2026-02-10 17:04:00,Riya,baarish shuru
991,2026-02-10 17:06:00,Priya,kapde andar le lo 😂
992,2026-02-10 17:08:00,Neha,haan
993,2026-02-10 20:01:00,Neha,assignment upload ho gaya?
994,2026-02-10 20:03:00,Neha,server busy aa raha
995,2026-02-10 20:05:00,Rahul,try again after dinner
996,2026-02-10 20:07:00,Simran,done
997,2026-02-10 22:05:00,Rahul,internship form bhar diya?
998,2026-02-10 22:07:00,Priya,resume update krna hai
999,2026-02-10 22:09:00,Simran,I can review it tonight
1000,2026-02-10 22:11:00,Aman,thanks yaar
1001,2026-02-11 08:06:00,Aman,<document omitted>
1002,2026-02-11 08:08:00,Riya,ye maths worksheet hai
1003,2026-02-11 08:10:00,Aman,thank you!
1004,2026-02-11 08:12:00,Neha,kal solve karte
1005,2026-02-11 11:16:00,Arjun,<document omitted>
1006,2026-02-11 11:18:00,Simran,ye maths worksheet hai
1007,2026-02-11 11:20:00,Vikram,thank you!
1008,2026-02-11 11:22:00,Aman,kal solve karte
1009,2026-02-11 14:09:00,Neha,Forwarded: campus blood donation camp on Saturday
1010,2026-02-11 14:11:00,Aman,kahan pe?
1011,2026-02-11 14:13:00,Neha,main gate ke paas
1012,2026-02-11 14:15:00,Vikram,okay
1013,2026-02-11 17:11:00,Arjun,aaj match dekha?
1014,2026-02-11 17:13:00,Arjun,last over kya tha 🔥
1015,2026-02-11 17:15:00,Simran,haan
1016,2026-02-11 17:17:00,Arjun,<video omitted>
1017,2026-02-11 20:05:00,Simran,office se late niklunga
1018,2026-02-11 20:07:00,Simran,traffic bhot hai
1019,2026-02-11 20:09:00,Neha,take care
1020,2026-02-11 20:11:00,Vikram,ghar pahunch ke ping kr
1021,2026-02-11 22:13:00,Priya,wifi fir se gaya 😭
1022,2026-02-11 22:15:00,Arjun,router restart kr
1023,2026-02-11 22:17:00,Rahul,kiya bhai
1024,2026-02-11 22:19:00,Vikram,ab chal raha 😂
1025,2026-02-12 08:03:00,Priya,office se late niklunga
1026,2026-02-12 08:05:00,Neha,traffic bhot hai
1027,2026-02-12 08:07:00,Vikram,take care
1028,2026-02-12 08:09:00,Vikram,ghar pahunch ke ping kr
1029,2026-02-12 11:19:00,Arjun,phone ki battery dead
1030,2026-02-12 11:21:00,Rahul,charger mere bag mein hai
1031,2026-02-12 11:23:00,Simran,mil gaya thnx
1032,2026-02-12 11:25:00,Neha,cool
1033,2026-02-12 14:01:00,Neha,phone ki battery dead
1034,2026-02-12 14:03:00,Arjun,charger mere bag mein hai
1035,2026-02-12 14:05:00,Vikram,mil gaya thnx
1036,2026-02-12 14:07:00,Aman,cool
1037,2026-02-12 17:12:00,Neha,wifi fir se gaya 😭
1038,2026-02-12 17:14:00,Rahul,router restart kr
1039,2026-02-12 17:16:00,Aman,kiya bhai
1040,2026-02-12 17:18:00,Rahul,ab chal raha 😂
1041,2026-02-12 20:01:00,Rahul,phone ki battery dead
1042,2026-02-12 20:03:00,Priya,charger mere bag mein hai
1043,2026-02-12 20:05:00,Riya,mil gaya thnx
1044,2026-02-12 20:07:00,Neha,cool
1045,2026-02-12 22:12:00,Aman,"Forwarded: heavy rain advisory, carry an umbrella"
1046,2026-02-12 22:14:00,Rahul,baarish shuru
1047,2026-02-12 22:16:00,Simran,kapde andar le lo 😂
1048,2026-02-12 22:18:00,Neha,haan
1049,2026-02-13 08:14:00,Priya,"Forwarded: heavy rain advisory, carry an umbrella"
1050,2026-02-13 08:16:00,Rahul,baarish shuru
1051,2026-02-13 08:18:00,Neha,kapde andar le lo 😂
1052,2026-02-13 08:20:00,Arjun,haan
1053,2026-02-13 11:08:00,Riya,office se late niklunga
1054,2026-02-13 11:10:00,Priya,traffic bhot hai
1055,2026-02-13 11:12:00,Aman,take care
1056,2026-02-13 11:14:00,Rahul,ghar pahunch ke ping kr
1057,2026-02-13 14:16:00,Arjun,internship form bhar diya?
1058,2026-02-13 14:18:00,Priya,resume update krna hai
1059,2026-02-13 14:20:00,Vikram,I can review it tonight
1060,2026-02-13 14:22:00,Vikram,thanks yaar
1061,2026-02-13 17:06:00,Vikram,phone ki battery dead
1062,2026-02-13 17:08:00,Simran,charger mere bag mein hai
1063,2026-02-13 17:10:00,Riya,mil gaya thnx
1064,2026-02-13 17:12:00,Priya,cool
1065,2026-02-13 20:02:00,Simran,assignment upload ho gaya?
1066,2026-02-13 20:04:00,Rahul,server busy aa raha
1067,2026-02-13 20:06:00,Simran,try again after dinner
1068,2026-02-13 20:08:00,Priya,done
1069,2026-02-13 22:11:00,Priya,office se late niklunga
1070,2026-02-13 22:13:00,Vikram,traffic bhot hai
1071,2026-02-13 22:15:00,Vikram,take care
1072,2026-02-13 22:17:00,Rahul,ghar pahunch ke ping kr
1073,2026-02-14 08:11:00,Riya,ye meme dekho 😂
1074,2026-02-14 08:13:00,Priya,<image omitted>
1075,2026-02-14 08:15:00,Riya,😂
1076,2026-02-14 08:17:00,Rahul,bhai bas kar
1077,2026-02-14 11:15:00,Aman,lunch mein kya hai?
1078,2026-02-14 11:17:00,Neha,rajma chawal
1079,2026-02-14 11:19:00,Neha,nice
1080,2026-02-14 11:21:00,Simran,mere liye bhi rakhna
1081,2026-02-14 14:19:00,Priya,assignment upload ho gaya?
1082,2026-02-14 14:21:00,Priya,server busy aa raha
1083,2026-02-14 14:23:00,Vikram,try again after dinner
1084,2026-02-14 14:25:00,Arjun,done
1085,2026-02-14 17:16:00,Arjun,internship form bhar diya?
1086,2026-02-14 17:18:00,Arjun,resume update krna hai
1087,2026-02-14 17:20:00,Priya,I can review it tonight
1088,2026-02-14 17:22:00,Rahul,thanks yaar
1089,2026-02-14 20:02:00,Simran,office se late niklunga
1090,2026-02-14 20:04:00,Simran,traffic bhot hai
1091,2026-02-14 20:06:00,Neha,take care
1092,2026-02-14 20:08:00,Rahul,ghar pahunch ke ping kr
1093,2026-02-14 22:04:00,Arjun,ye meme dekho 😂
1094,2026-02-14 22:06:00,Aman,<image omitted>
1095,2026-02-14 22:08:00,Priya,😂
1096,2026-02-14 22:10:00,Rahul,bhai bas kar
1097,2026-02-15 08:05:00,Rahul,<document omitted>
1098,2026-02-15 08:07:00,Neha,ye maths worksheet hai
1099,2026-02-15 08:09:00,Riya,thank you!
1100,2026-02-15 08:11:00,Neha,kal solve karte
1101,2026-02-15 11:02:00,Vikram,<document omitted>
1102,2026-02-15 11:04:00,Riya,ye maths worksheet hai
1103,2026-02-15 11:06:00,Vikram,thank you!
1104,2026-02-15 11:08:00,Rahul,kal solve karte
1105,2026-02-15 14:19:00,Priya,<document omitted>
1106,2026-02-15 14:21:00,Rahul,ye maths worksheet hai
1107,2026-02-15 14:23:00,Rahul,thank you!
1108,2026-02-15 14:25:00,Rahul,kal solve karte
1109,2026-02-15 17:18:00,Aman,office se late niklunga
1110,2026-02-15 17:20:00,Aman,traffic bhot hai
1111,2026-02-15 17:22:00,Priya,take care
1112,2026-02-15 17:24:00,Aman,ghar pahunch ke ping kr
1113,2026-02-15 20:06:00,Arjun,library chalna hai
1114,2026-02-15 20:08:00,Aman,seat milegi?
1115,2026-02-15 20:10:00,Simran,second floor khaali hai
1116,2026-02-15 20:12:00,Vikram,aa rha
1117,2026-02-15 22:15:00,Riya,<document omitted>
1118,2026-02-15 22:17:00,Arjun,ye maths worksheet hai
1119,2026-02-15 22:19:00,Vikram,thank you!
1120,2026-02-15 22:21:00,Simran,kal solve karte
1121,2026-02-16 08:01:00,Rahul,wifi fir se gaya 😭
1122,2026-02-16 08:03:00,Simran,router restart kr
1123,2026-02-16 08:05:00,Arjun,kiya bhai
1124,2026-02-16 08:07:00,Simran,ab chal raha 😂
1125,2026-02-16 11:06:00,Neha,phone ki battery dead
1126,2026-02-16 11:08:00,Rahul,charger mere bag mein hai
1127,2026-02-16 11:10:00,Neha,mil gaya thnx
1128,2026-02-16 11:12:00,Neha,cool
1129,2026-02-16 14:12:00,Rahul,"Forwarded: heavy rain advisory, carry an umbrella"
1130,2026-02-16 14:14:00,Neha,baarish shuru
1131,2026-02-16 14:16:00,Priya,kapde andar le lo 😂
1132,2026-02-16 14:18:00,Neha,haan
1133,2026-02-16 17:14:00,Priya,lunch mein kya hai?
1134,2026-02-16 17:16:00,Vikram,rajma chawal
1135,2026-02-16 17:18:00,Simran,nice
1136,2026-02-16 17:20:00,Riya,mere liye bhi rakhna
1137,2026-02-16 20:03:00,Aman,assignment upload ho gaya?
1138,2026-02-16 20:05:00,Vikram,server busy aa raha
1139,2026-02-16 20:07:00,Arjun,try again after dinner
1140,2026-02-16 20:09:00,Arjun,done
1141,2026-02-16 22:05:00,Neha,lunch mein kya hai?
1142,2026-02-16 22:07:00,Neha,rajma chawal
1143,2026-02-16 22:09:00,Riya,nice
1144,2026-02-16 22:11:00,Rahul,mere liye bhi rakhna
1145,2026-02-17 08:16:00,Simran,internship form bhar diya?
1146,2026-02-17 08:18:00,Simran,resume update krna hai
1147,2026-02-17 08:20:00,Vikram,I can review it tonight
1148,2026-02-17 08:22:00,Simran,thanks yaar
1149,2026-02-17 11:02:00,Arjun,kal lecture hai kya?
1150,2026-02-17 11:04:00,Simran,haan 9 baje
1151,2026-02-17 11:06:00,Riya,notes bhej dena plss
1152,2026-02-17 11:08:00,Riya,done
1153,2026-02-17 14:01:00,Aman,"Forwarded: heavy rain advisory, carry an umbrella"
1154,2026-02-17 14:03:00,Vikram,baarish shuru
1155,2026-02-17 14:05:00,Simran,kapde andar le lo 😂
1156,2026-02-17 14:07:00,Simran,haan
1157,2026-02-17 17:17:00,Aman,<document omitted>
1158,2026-02-17 17:19:00,Priya,ye maths worksheet hai
1159,2026-02-17 17:21:00,Arjun,thank you!
1160,2026-02-17 17:23:00,Rahul,kal solve karte
1161,2026-02-17 20:11:00,Arjun,library chalna hai
1162,2026-02-17 20:13:00,Neha,seat milegi?
1163,2026-02-17 20:15:00,Aman,second floor khaali hai
1164,2026-02-17 20:17:00,Arjun,aa rha
1165,2026-02-17 22:18:00,Riya,chai peene aa rahe?
1166,2026-02-17 22:20:00,Neha,nhi yaar
1167,2026-02-17 22:22:00,Vikram,canteen mein samosa bhi hai
1168,2026-02-17 22:24:00,Priya,acha
1169,2026-02-17 22:26:00,Arjun,bas 5 min
1170,2026-02-18 08:17:00,Vikram,phone ki battery dead
1171,2026-02-18 08:19:00,Priya,charger mere bag mein hai
1172,2026-02-18 08:21:00,Rahul,mil gaya thnx
1173,2026-02-18 08:23:00,Priya,cool
1174,2026-02-18 11:11:00,Neha,weekend movie?
1175,2026-02-18 11:13:00,Neha,comedy dekhte hain
1176,2026-02-18 11:15:00,Rahul,popcorn meri taraf se
1177,2026-02-18 11:17:00,Riya,done
1178,2026-02-18 14:16:00,Aman,weekend movie?
1179,2026-02-18 14:18:00,Aman,comedy dekhte hain
1180,2026-02-18 14:20:00,Aman,popcorn meri taraf se
1181,2026-02-18 14:22:00,Rahul,done
1182,2026-02-18 17:15:00,Simran,office se late niklunga
1183,2026-02-18 17:17:00,Rahul,traffic bhot hai
1184,2026-02-18 17:19:00,Rahul,take care
1185,2026-02-18 17:21:00,Neha,ghar pahunch ke ping kr
1186,2026-02-18 19:00:00,Rahul,guys chhutti mein bahar nikalte hain
1187,2026-02-18 19:03:00,Priya,Goa nice hai but flights mehengi hain
1188,2026-02-18 19:06:00,Aman,"Jaipur bhi option hai, heritage dekh lenge"
1189,2026-02-18 19:09:00,Riya,Kasol ka weather mast rahega
1190,2026-02-18 19:12:00,Vikram,mountains better but travel time dekho
1191,2026-02-18 19:15:00,Neha,beach ya pahad?
1192,2026-02-18 19:18:00,Arjun,Jaipur too hot hoga yaar
1193,2026-02-18 19:21:00,Simran,Kasol tak bus mil jayegi
1194,2026-02-18 19:24:00,Priya,kharcha bhi consider karo please
1195,2026-02-18 19:27:00,Rahul,Goa bhot expensive padega
1196,2026-02-18 19:30:00,Aman,overnight bus mein sab comfortable?
1197,2026-02-18 19:33:00,Riya,"Manali bhi dekh lo, connectivity easy hai"
1198,2026-02-18 19:36:00,Vikram,haan practical lag raha
1199,2026-02-18 19:39:00,Neha,poll kar lete hain
1200,2026-02-18 19:42:00,Arjun,"Goa 2 votes, Jaipur 1, Kasol 2"
1201,2026-02-18 19:45:00,Simran,mere exams Wednesday ko khatam
1202,2026-02-18 19:48:00,Priya,Thursday nikal sakte
1203,2026-02-18 19:51:00,Rahul,leave approve ho gayi
1204,2026-02-18 19:54:00,Aman,sweater le jana padega
1205,2026-02-18 19:57:00,Riya,"weather checked, manageable hai"
1206,2026-02-18 20:00:00,Vikram,sab apni preference bol do
1207,2026-02-18 20:03:00,Neha,pahad meri taraf se
1208,2026-02-18 20:06:00,Arjun,mere liye bhi same
1209,2026-02-18 20:09:00,Simran,ab aur options mat kholo
1210,2026-02-18 20:12:00,Priya,sab agree hain na?
1211,2026-02-18 20:15:00,Rahul,"theek hai sabki sun li, Manali locked hai ab 😂"
1212,2026-02-18 20:18:00,Priya,done
1213,2026-02-18 20:21:00,Aman,ab rooms dekhte hain
1214,2026-02-18 22:15:00,Aman,<document omitted>
1215,2026-02-18 22:17:00,Neha,ye maths worksheet hai
1216,2026-02-18 22:19:00,Neha,thank you!
1217,2026-02-18 22:21:00,Priya,kal solve karte
1218,2026-02-19 08:18:00,Vikram,good morning
1219,2026-02-19 08:20:00,Aman,gym kaun aayega?
1220,2026-02-19 08:22:00,Simran,aaj rest day 😂
1221,2026-02-19 08:24:00,Vikram,same
1222,2026-02-19 11:01:00,Simran,lunch mein kya hai?
1223,2026-02-19 11:03:00,Rahul,rajma chawal
1224,2026-02-19 11:05:00,Arjun,nice
1225,2026-02-19 11:07:00,Rahul,mere liye bhi rakhna
1226,2026-02-19 14:01:00,Priya,lunch mein kya hai?
1227,2026-02-19 14:03:00,Riya,rajma chawal
1228,2026-02-19 14:05:00,Aman,nice
1229,2026-02-19 14:07:00,Simran,mere liye bhi rakhna
1230,2026-02-19 17:13:00,Rahul,office se late niklunga
1231,2026-02-19 17:15:00,Arjun,traffic bhot hai
1232,2026-02-19 17:17:00,Riya,take care
1233,2026-02-19 17:19:00,Arjun,ghar pahunch ke ping kr
1234,2026-02-19 20:01:00,Rahul,internship form bhar diya?
1235,2026-02-19 20:03:00,Riya,resume update krna hai
1236,2026-02-19 20:05:00,Neha,I can review it tonight
1237,2026-02-19 20:07:00,Simran,thanks yaar
1238,2026-02-19 22:10:00,Rahul,weekend movie?
1239,2026-02-19 22:12:00,Simran,comedy dekhte hain
1240,2026-02-19 22:14:00,Neha,popcorn meri taraf se
1241,2026-02-19 22:16:00,Neha,done
1242,2026-02-20 08:19:00,Simran,library chalna hai
1243,2026-02-20 08:21:00,Riya,seat milegi?
1244,2026-02-20 08:23:00,Riya,second floor khaali hai
1245,2026-02-20 08:25:00,Vikram,aa rha
1246,2026-02-20 11:07:00,Vikram,<document omitted>
1247,2026-02-20 11:09:00,Vikram,ye maths worksheet hai
1248,2026-02-20 11:11:00,Riya,thank you!
1249,2026-02-20 11:13:00,Simran,kal solve karte
1250,2026-02-20 14:15:00,Neha,office se late niklunga
1251,2026-02-20 14:17:00,Vikram,traffic bhot hai
1252,2026-02-20 14:19:00,Vikram,take care
1253,2026-02-20 14:21:00,Priya,ghar pahunch ke ping kr
1254,2026-02-20 17:12:00,Neha,weekend movie?
1255,2026-02-20 17:14:00,Rahul,comedy dekhte hain
1256,2026-02-20 17:16:00,Vikram,popcorn meri taraf se
1257,2026-02-20 17:18:00,Aman,done
1258,2026-02-20 20:02:00,Neha,<document omitted>
1259,2026-02-20 20:04:00,Simran,ye maths worksheet hai
1260,2026-02-20 20:06:00,Vikram,thank you!
1261,2026-02-20 20:08:00,Simran,kal solve karte
1262,2026-02-20 22:06:00,Vikram,Forwarded: campus blood donation camp on Saturday
1263,2026-02-20 22:08:00,Vikram,kahan pe?
1264,2026-02-20 22:10:00,Rahul,main gate ke paas
1265,2026-02-20 22:12:00,Priya,okay
1266,2026-02-21 08:07:00,Aman,lunch mein kya hai?
1267,2026-02-21 08:09:00,Riya,rajma chawal
1268,2026-02-21 08:11:00,Riya,nice
1269,2026-02-21 08:13:00,Aman,mere liye bhi rakhna
1270,2026-02-21 11:13:00,Neha,aaj match dekha?
1271,2026-02-21 11:15:00,Simran,last over kya tha 🔥
1272,2026-02-21 11:17:00,Priya,haan
1273,2026-02-21 11:19:00,Rahul,<video omitted>
1274,2026-02-21 14:17:00,Rahul,kal lecture hai kya?
1275,2026-02-21 14:19:00,Arjun,haan 9 baje
1276,2026-02-21 14:21:00,Simran,notes bhej dena plss
1277,2026-02-21 14:23:00,Simran,done
1278,2026-02-21 17:09:00,Neha,Forwarded: campus blood donation camp on Saturday
1279,2026-02-21 17:11:00,Vikram,kahan pe?
1280,2026-02-21 17:13:00,Aman,main gate ke paas
1281,2026-02-21 17:15:00,Priya,okay
1282,2026-02-21 20:17:00,Aman,lunch mein kya hai?
1283,2026-02-21 20:19:00,Rahul,rajma chawal
1284,2026-02-21 20:21:00,Arjun,nice
1285,2026-02-21 20:23:00,Rahul,mere liye bhi rakhna
1286,2026-02-21 22:12:00,Simran,chai peene aa rahe?
1287,2026-02-21 22:14:00,Rahul,nhi yaar
1288,2026-02-21 22:16:00,Vikram,canteen mein samosa bhi hai
1289,2026-02-21 22:18:00,Aman,acha
1290,2026-02-21 22:20:00,Aman,bas 5 min
1291,2026-02-22 08:18:00,Priya,<document omitted>
1292,2026-02-22 08:20:00,Neha,ye maths worksheet hai
1293,2026-02-22 08:22:00,Vikram,thank you!
1294,2026-02-22 08:24:00,Simran,kal solve karte
1295,2026-02-22 11:04:00,Simran,internship form bhar diya?
1296,2026-02-22 11:06:00,Vikram,resume update krna hai
1297,2026-02-22 11:08:00,Riya,I can review it tonight
1298,2026-02-22 11:10:00,Priya,thanks yaar
1299,2026-02-22 14:05:00,Simran,office se late niklunga
1300,2026-02-22 14:07:00,Vikram,traffic bhot hai
1301,2026-02-22 14:09:00,Rahul,take care
1302,2026-02-22 14:11:00,Aman,ghar pahunch ke ping kr
1303,2026-02-22 17:09:00,Riya,office se late niklunga
1304,2026-02-22 17:11:00,Rahul,traffic bhot hai
1305,2026-02-22 17:13:00,Arjun,take care
1306,2026-02-22 17:15:00,Arjun,ghar pahunch ke ping kr
1307,2026-02-22 20:02:00,Arjun,office se late niklunga
1308,2026-02-22 20:04:00,Priya,traffic bhot hai
1309,2026-02-22 20:06:00,Rahul,take care
1310,2026-02-22 20:08:00,Rahul,ghar pahunch ke ping kr
1311,2026-02-22 22:10:00,Riya,internship form bhar diya?
1312,2026-02-22 22:12:00,Aman,resume update krna hai
1313,2026-02-22 22:14:00,Vikram,I can review it tonight
1314,2026-02-22 22:16:00,Arjun,thanks yaar
1315,2026-02-23 08:14:00,Vikram,lunch mein kya hai?
1316,2026-02-23 08:16:00,Neha,rajma chawal
1317,2026-02-23 08:18:00,Vikram,nice
1318,2026-02-23 08:20:00,Aman,mere liye bhi rakhna
1319,2026-02-23 11:11:00,Riya,library chalna hai
1320,2026-02-23 11:13:00,Aman,seat milegi?
1321,2026-02-23 11:15:00,Priya,second floor khaali hai
1322,2026-02-23 11:17:00,Simran,aa rha
1323,2026-02-23 14:05:00,Arjun,<document omitted>
1324,2026-02-23 14:07:00,Vikram,ye maths worksheet hai
1325,2026-02-23 14:09:00,Priya,thank you!
1326,2026-02-23 14:11:00,Vikram,kal solve karte
1327,2026-02-23 17:19:00,Riya,"Forwarded: heavy rain advisory, carry an umbrella"
1328,2026-02-23 17:21:00,Riya,baarish shuru
1329,2026-02-23 17:23:00,Rahul,kapde andar le lo 😂
1330,2026-02-23 17:25:00,Simran,haan
1331,2026-02-23 20:14:00,Neha,assignment upload ho gaya?
1332,2026-02-23 20:16:00,Arjun,server busy aa raha
1333,2026-02-23 20:18:00,Simran,try again after dinner
1334,2026-02-23 20:20:00,Riya,done
1335,2026-02-23 22:19:00,Priya,lunch mein kya hai?
1336,2026-02-23 22:21:00,Simran,rajma chawal
1337,2026-02-23 22:23:00,Neha,nice
1338,2026-02-23 22:25:00,Priya,mere liye bhi rakhna
1339,2026-02-24 08:01:00,Riya,aaj match dekha?
1340,2026-02-24 08:03:00,Rahul,last over kya tha 🔥
1341,2026-02-24 08:05:00,Rahul,haan
1342,2026-02-24 08:07:00,Neha,<video omitted>
1343,2026-02-24 11:03:00,Riya,phone ki battery dead
1344,2026-02-24 11:05:00,Simran,charger mere bag mein hai
1345,2026-02-24 11:07:00,Priya,mil gaya thnx
1346,2026-02-24 11:09:00,Simran,cool
1347,2026-02-24 14:14:00,Rahul,chai peene aa rahe?
1348,2026-02-24 14:16:00,Arjun,nhi yaar
1349,2026-02-24 14:18:00,Simran,canteen mein samosa bhi hai
1350,2026-02-24 14:20:00,Aman,acha
1351,2026-02-24 14:22:00,Simran,bas 5 min
1352,2026-02-24 17:00:00,Arjun,<document omitted>
1353,2026-02-24 17:02:00,Vikram,ye maths worksheet hai
1354,2026-02-24 17:04:00,Aman,thank you!
1355,2026-02-24 17:06:00,Riya,kal solve karte
1356,2026-02-24 20:01:00,Arjun,wifi fir se gaya 😭
1357,2026-02-24 20:03:00,Neha,router restart kr
1358,2026-02-24 20:05:00,Priya,kiya bhai
1359,2026-02-24 20:07:00,Aman,ab chal raha 😂
1360,2026-02-24 22:15:00,Aman,wifi fir se gaya 😭
1361,2026-02-24 22:17:00,Vikram,router restart kr
1362,2026-02-24 22:19:00,Arjun,kiya bhai
1363,2026-02-24 22:21:00,Rahul,ab chal raha 😂
1364,2026-02-25 08:13:00,Neha,assignment upload ho gaya?
1365,2026-02-25 08:15:00,Arjun,server busy aa raha
1366,2026-02-25 08:17:00,Simran,try again after dinner
1367,2026-02-25 08:19:00,Arjun,done
1368,2026-02-25 11:02:00,Rahul,weekend movie?
1369,2026-02-25 11:04:00,Neha,comedy dekhte hain
1370,2026-02-25 11:06:00,Priya,popcorn meri taraf se
1371,2026-02-25 11:08:00,Rahul,done
1372,2026-02-25 14:16:00,Rahul,weekend movie?
1373,2026-02-25 14:18:00,Riya,comedy dekhte hain
1374,2026-02-25 14:20:00,Aman,popcorn meri taraf se
1375,2026-02-25 14:22:00,Aman,done
1376,2026-02-25 17:14:00,Arjun,<document omitted>
1377,2026-02-25 17:16:00,Arjun,ye maths worksheet hai
1378,2026-02-25 17:18:00,Riya,thank you!
1379,2026-02-25 17:20:00,Riya,kal solve karte
1380,2026-02-25 20:11:00,Rahul,phone ki battery dead
1381,2026-02-25 20:13:00,Vikram,charger mere bag mein hai
1382,2026-02-25 20:15:00,Riya,mil gaya thnx
1383,2026-02-25 20:17:00,Priya,cool
1384,2026-02-25 22:13:00,Aman,chai peene aa rahe?
1385,2026-02-25 22:15:00,Riya,nhi yaar
1386,2026-02-25 22:17:00,Riya,canteen mein samosa bhi hai
1387,2026-02-25 22:19:00,Priya,acha
1388,2026-02-25 22:21:00,Priya,bas 5 min
1389,2026-02-26 08:14:00,Aman,chai peene aa rahe?
1390,2026-02-26 08:16:00,Riya,nhi yaar
1391,2026-02-26 08:18:00,Aman,canteen mein samosa bhi hai
1392,2026-02-26 08:20:00,Arjun,acha
1393,2026-02-26 08:22:00,Simran,bas 5 min
1394,2026-02-26 11:17:00,Riya,lunch mein kya hai?
1395,2026-02-26 11:19:00,Aman,rajma chawal
1396,2026-02-26 11:21:00,Rahul,nice
1397,2026-02-26 11:23:00,Vikram,mere liye bhi rakhna
1398,2026-02-26 14:18:00,Neha,lunch mein kya hai?
1399,2026-02-26 14:20:00,Neha,rajma chawal
1400,2026-02-26 14:22:00,Riya,nice
1401,2026-02-26 14:24:00,Vikram,mere liye bhi rakhna
1402,2026-02-26 17:16:00,Riya,assignment upload ho gaya?
1403,2026-02-26 17:18:00,Arjun,server busy aa raha
1404,2026-02-26 17:20:00,Vikram,try again after dinner
1405,2026-02-26 17:22:00,Vikram,done
1406,2026-02-26 20:17:00,Rahul,chai peene aa rahe?
1407,2026-02-26 20:19:00,Arjun,nhi yaar
1408,2026-02-26 20:21:00,Simran,canteen mein samosa bhi hai
1409,2026-02-26 20:23:00,Aman,acha
1410,2026-02-26 20:25:00,Neha,bas 5 min
1411,2026-02-26 22:16:00,Neha,weekend movie?
1412,2026-02-26 22:18:00,Arjun,comedy dekhte hain
1413,2026-02-26 22:20:00,Arjun,popcorn meri taraf se
1414,2026-02-26 22:22:00,Rahul,done
1415,2026-02-27 08:12:00,Rahul,<document omitted>
1416,2026-02-27 08:14:00,Simran,ye maths worksheet hai
1417,2026-02-27 08:16:00,Riya,thank you!
1418,2026-02-27 08:18:00,Riya,kal solve karte
1419,2026-02-27 11:04:00,Simran,<document omitted>
1420,2026-02-27 11:06:00,Aman,ye maths worksheet hai
1421,2026-02-27 11:08:00,Arjun,thank you!
1422,2026-02-27 11:10:00,Arjun,kal solve karte
1423,2026-02-27 14:12:00,Riya,assignment upload ho gaya?
1424,2026-02-27 14:14:00,Vikram,server busy aa raha
1425,2026-02-27 14:16:00,Riya,try again after dinner
1426,2026-02-27 14:18:00,Neha,done
1427,2026-02-27 17:14:00,Neha,wifi fir se gaya 😭
1428,2026-02-27 17:16:00,Priya,router restart kr
1429,2026-02-27 17:18:00,Riya,kiya bhai
1430,2026-02-27 17:20:00,Aman,ab chal raha 😂
1431,2026-02-27 20:12:00,Aman,library chalna hai
1432,2026-02-27 20:14:00,Priya,seat milegi?
1433,2026-02-27 20:16:00,Riya,second floor khaali hai
1434,2026-02-27 20:18:00,Riya,aa rha
1435,2026-02-27 22:06:00,Neha,internship form bhar diya?
1436,2026-02-27 22:08:00,Vikram,resume update krna hai
1437,2026-02-27 22:10:00,Aman,I can review it tonight
1438,2026-02-27 22:12:00,Riya,thanks yaar
1439,2026-02-28 08:03:00,Simran,Forwarded: campus blood donation camp on Saturday
1440,2026-02-28 08:05:00,Riya,kahan pe?
1441,2026-02-28 08:07:00,Riya,main gate ke paas
1442,2026-02-28 08:09:00,Arjun,okay
1443,2026-02-28 11:17:00,Neha,lunch mein kya hai?
1444,2026-02-28 11:19:00,Vikram,rajma chawal
1445,2026-02-28 11:21:00,Arjun,nice
1446,2026-02-28 11:23:00,Simran,mere liye bhi rakhna
1447,2026-02-28 14:09:00,Vikram,"Forwarded: heavy rain advisory, carry an umbrella"
1448,2026-02-28 14:11:00,Neha,baarish shuru
1449,2026-02-28 14:13:00,Simran,kapde andar le lo 😂
1450,2026-02-28 14:15:00,Simran,haan
1451,2026-02-28 17:15:00,Neha,aaj match dekha?
1452,2026-02-28 17:17:00,Riya,last over kya tha 🔥
1453,2026-02-28 17:19:00,Neha,haan
1454,2026-02-28 17:21:00,Neha,<video omitted>
1455,2026-02-28 20:01:00,Riya,good morning
1456,2026-02-28 20:03:00,Rahul,gym kaun aayega?
1457,2026-02-28 20:05:00,Aman,aaj rest day 😂
1458,2026-02-28 20:07:00,Vikram,same
1459,2026-02-28 22:09:00,Rahul,good morning
1460,2026-02-28 22:11:00,Riya,gym kaun aayega?
1461,2026-02-28 22:13:00,Neha,aaj rest day 😂
1462,2026-02-28 22:15:00,Riya,same
1463,2026-03-01 08:18:00,Riya,weekend movie?
1464,2026-03-01 08:20:00,Simran,comedy dekhte hain
1465,2026-03-01 08:22:00,Neha,popcorn meri taraf se
1466,2026-03-01 08:24:00,Vikram,done
1467,2026-03-01 11:15:00,Simran,internship form bhar diya?
1468,2026-03-01 11:17:00,Rahul,resume update krna hai
1469,2026-03-01 11:19:00,Neha,I can review it tonight
1470,2026-03-01 11:21:00,Rahul,thanks yaar
1471,2026-03-01 14:17:00,Simran,assignment upload ho gaya?
1472,2026-03-01 14:19:00,Rahul,server busy aa raha
1473,2026-03-01 14:21:00,Aman,try again after dinner
1474,2026-03-01 14:23:00,Aman,done
1475,2026-03-01 17:01:00,Aman,wifi fir se gaya 😭
1476,2026-03-01 17:03:00,Arjun,router restart kr
1477,2026-03-01 17:05:00,Rahul,kiya bhai
1478,2026-03-01 17:07:00,Riya,ab chal raha 😂
1479,2026-03-01 20:04:00,Aman,wifi fir se gaya 😭
1480,2026-03-01 20:06:00,Riya,router restart kr
1481,2026-03-01 20:08:00,Simran,kiya bhai
1482,2026-03-01 20:10:00,Neha,ab chal raha 😂
1483,2026-03-01 22:19:00,Simran,chai peene aa rahe?
1484,2026-03-01 22:21:00,Simran,nhi yaar
1485,2026-03-01 22:23:00,Aman,canteen mein samosa bhi hai
1486,2026-03-01 22:25:00,Aman,acha
1487,2026-03-01 22:27:00,Arjun,bas 5 min
1488,2026-03-02 08:00:00,Vikram,kal lecture hai kya?
1489,2026-03-02 08:02:00,Vikram,haan 9 baje
1490,2026-03-02 08:04:00,Aman,notes bhej dena plss
1491,2026-03-02 08:06:00,Arjun,done
1492,2026-03-02 11:03:00,Priya,ye meme dekho 😂
1493,2026-03-02 11:05:00,Rahul,<image omitted>
1494,2026-03-02 11:07:00,Riya,😂
1495,2026-03-02 11:09:00,Riya,bhai bas kar
1496,2026-03-02 14:11:00,Vikram,library chalna hai
1497,2026-03-02 14:13:00,Arjun,seat milegi?
1498,2026-03-02 14:15:00,Priya,second floor khaali hai
1499,2026-03-02 14:17:00,Neha,aa rha
1500,2026-03-02 17:14:00,Riya,weekend movie?
1501,2026-03-02 17:16:00,Riya,comedy dekhte hain
1502,2026-03-02 17:18:00,Vikram,popcorn meri taraf se
1503,2026-03-02 17:20:00,Priya,done
1504,2026-03-02 20:02:00,Arjun,chai peene aa rahe?
1505,2026-03-02 20:04:00,Arjun,nhi yaar
1506,2026-03-02 20:06:00,Arjun,canteen mein samosa bhi hai
1507,2026-03-02 20:08:00,Simran,acha
1508,2026-03-02 20:10:00,Aman,bas 5 min
1509,2026-03-02 22:05:00,Priya,kal lecture hai kya?
1510,2026-03-02 22:07:00,Simran,haan 9 baje
1511,2026-03-02 22:09:00,Arjun,notes bhej dena plss
1512,2026-03-02 22:11:00,Neha,done
1513,2026-03-03 08:16:00,Aman,aaj match dekha?
1514,2026-03-03 08:18:00,Riya,last over kya tha 🔥
1515,2026-03-03 08:20:00,Riya,haan
1516,2026-03-03 08:22:00,Simran,<video omitted>
1517,2026-03-03 11:01:00,Priya,library chalna hai
1518,2026-03-03 11:03:00,Vikram,seat milegi?
1519,2026-03-03 11:05:00,Aman,second floor khaali hai
1520,2026-03-03 11:07:00,Rahul,aa rha
1521,2026-03-03 14:00:00,Riya,office se late niklunga
1522,2026-03-03 14:02:00,Rahul,traffic bhot hai
1523,2026-03-03 14:04:00,Arjun,take care
1524,2026-03-03 14:06:00,Priya,ghar pahunch ke ping kr
1525,2026-03-03 17:05:00,Riya,<document omitted>
1526,2026-03-03 17:07:00,Arjun,ye maths worksheet hai
1527,2026-03-03 17:09:00,Neha,thank you!
1528,2026-03-03 17:11:00,Arjun,kal solve karte
1529,2026-03-03 20:02:00,Neha,assignment upload ho gaya?
1530,2026-03-03 20:04:00,Aman,server busy aa raha
1531,2026-03-03 20:06:00,Priya,try again after dinner
1532,2026-03-03 20:08:00,Arjun,done
1533,2026-03-03 22:02:00,Neha,lunch mein kya hai?
1534,2026-03-03 22:04:00,Arjun,rajma chawal
1535,2026-03-03 22:06:00,Neha,nice
1536,2026-03-03 22:08:00,Aman,mere liye bhi rakhna
1537,2026-03-04 08:14:00,Simran,library chalna hai
1538,2026-03-04 08:16:00,Riya,seat milegi?
1539,2026-03-04 08:18:00,Neha,second floor khaali hai
1540,2026-03-04 08:20:00,Arjun,aa rha
1541,2026-03-04 11:05:00,Arjun,good morning
1542,2026-03-04 11:07:00,Priya,gym kaun aayega?
1543,2026-03-04 11:09:00,Vikram,aaj rest day 😂
1544,2026-03-04 11:11:00,Riya,same
1545,2026-03-04 14:02:00,Vikram,wifi fir se gaya 😭
1546,2026-03-04 14:04:00,Rahul,router restart kr
1547,2026-03-04 14:06:00,Arjun,kiya bhai
1548,2026-03-04 14:08:00,Rahul,ab chal raha 😂
1549,2026-03-04 17:10:00,Neha,weekend movie?
1550,2026-03-04 17:12:00,Priya,comedy dekhte hain
1551,2026-03-04 17:14:00,Priya,popcorn meri taraf se
1552,2026-03-04 17:16:00,Aman,done
1553,2026-03-04 20:14:00,Neha,<document omitted>
1554,2026-03-04 20:16:00,Vikram,ye maths worksheet hai
1555,2026-03-04 20:18:00,Priya,thank you!
1556,2026-03-04 20:20:00,Rahul,kal solve karte
1557,2026-03-04 22:05:00,Arjun,wifi fir se gaya 😭
1558,2026-03-04 22:07:00,Simran,router restart kr
1559,2026-03-04 22:09:00,Arjun,kiya bhai
1560,2026-03-04 22:11:00,Priya,ab chal raha 😂
1561,2026-03-05 08:02:00,Neha,kal lecture hai kya?
1562,2026-03-05 08:04:00,Priya,haan 9 baje
1563,2026-03-05 08:06:00,Neha,notes bhej dena plss
1564,2026-03-05 08:08:00,Arjun,done
1565,2026-03-05 11:09:00,Arjun,kal lecture hai kya?
1566,2026-03-05 11:11:00,Arjun,haan 9 baje
1567,2026-03-05 11:13:00,Priya,notes bhej dena plss
1568,2026-03-05 11:15:00,Riya,done
1569,2026-03-05 14:12:00,Rahul,ye meme dekho 😂
1570,2026-03-05 14:14:00,Rahul,<image omitted>
1571,2026-03-05 14:16:00,Vikram,😂
1572,2026-03-05 14:18:00,Vikram,bhai bas kar
1573,2026-03-05 17:15:00,Rahul,library chalna hai
1574,2026-03-05 17:17:00,Priya,seat milegi?
1575,2026-03-05 17:19:00,Rahul,second floor khaali hai
1576,2026-03-05 17:21:00,Arjun,aa rha
1577,2026-03-05 20:13:00,Vikram,library chalna hai
1578,2026-03-05 20:15:00,Simran,seat milegi?
1579,2026-03-05 20:17:00,Priya,second floor khaali hai
1580,2026-03-05 20:19:00,Neha,aa rha
1581,2026-03-05 22:07:00,Simran,library chalna hai
1582,2026-03-05 22:09:00,Riya,seat milegi?
1583,2026-03-05 22:11:00,Simran,second floor khaali hai
1584,2026-03-05 22:13:00,Priya,aa rha
1585,2026-03-06 08:09:00,Aman,assignment upload ho gaya?
1586,2026-03-06 08:11:00,Arjun,server busy aa raha
1587,2026-03-06 08:13:00,Neha,try again after dinner
1588,2026-03-06 08:15:00,Arjun,done
1589,2026-03-06 11:14:00,Neha,office se late niklunga
1590,2026-03-06 11:16:00,Arjun,traffic bhot hai
1591,2026-03-06 11:18:00,Rahul,take care
1592,2026-03-06 11:20:00,Vikram,ghar pahunch ke ping kr
1593,2026-03-06 14:19:00,Riya,office se late niklunga
1594,2026-03-06 14:21:00,Simran,traffic bhot hai
1595,2026-03-06 14:23:00,Neha,take care
1596,2026-03-06 14:25:00,Rahul,ghar pahunch ke ping kr
1597,2026-03-06 17:10:00,Vikram,weekend movie?
1598,2026-03-06 17:12:00,Simran,comedy dekhte hain
1599,2026-03-06 17:14:00,Riya,popcorn meri taraf se
1600,2026-03-06 17:16:00,Neha,done
1601,2026-03-06 20:08:00,Arjun,weekend movie?
1602,2026-03-06 20:10:00,Neha,comedy dekhte hain
1603,2026-03-06 20:12:00,Priya,popcorn meri taraf se
1604,2026-03-06 20:14:00,Riya,done
1605,2026-03-06 22:17:00,Aman,ye meme dekho 😂
1606,2026-03-06 22:19:00,Simran,<image omitted>
1607,2026-03-06 22:21:00,Riya,😂
1608,2026-03-06 22:23:00,Simran,bhai bas kar
1609,2026-03-07 08:02:00,Arjun,<document omitted>
1610,2026-03-07 08:04:00,Simran,ye maths worksheet hai
1611,2026-03-07 08:06:00,Rahul,thank you!
1612,2026-03-07 08:08:00,Vikram,kal solve karte
1613,2026-03-07 11:08:00,Rahul,lunch mein kya hai?
1614,2026-03-07 11:10:00,Arjun,rajma chawal
1615,2026-03-07 11:12:00,Arjun,nice
1616,2026-03-07 11:14:00,Priya,mere liye bhi rakhna
1617,2026-03-07 14:19:00,Simran,phone ki battery dead
1618,2026-03-07 14:21:00,Arjun,charger mere bag mein hai
1619,2026-03-07 14:23:00,Arjun,mil gaya thnx
1620,2026-03-07 14:25:00,Aman,cool
1621,2026-03-07 17:17:00,Priya,"Forwarded: heavy rain advisory, carry an umbrella"
1622,2026-03-07 17:19:00,Priya,baarish shuru
1623,2026-03-07 17:21:00,Riya,kapde andar le lo 😂
1624,2026-03-07 17:23:00,Neha,haan
1625,2026-03-07 20:19:00,Aman,ye meme dekho 😂
1626,2026-03-07 20:21:00,Arjun,<image omitted>
1627,2026-03-07 20:23:00,Neha,😂
1628,2026-03-07 20:25:00,Arjun,bhai bas kar
1629,2026-03-07 22:00:00,Priya,aaj match dekha?
1630,2026-03-07 22:02:00,Vikram,last over kya tha 🔥
1631,2026-03-07 22:04:00,Riya,haan
1632,2026-03-07 22:06:00,Riya,<video omitted>
1633,2026-03-08 08:11:00,Arjun,phone ki battery dead
1634,2026-03-08 08:13:00,Simran,charger mere bag mein hai
1635,2026-03-08 08:15:00,Rahul,mil gaya thnx
1636,2026-03-08 08:17:00,Neha,cool
1637,2026-03-08 11:15:00,Priya,kal lecture hai kya?
1638,2026-03-08 11:17:00,Vikram,haan 9 baje
1639,2026-03-08 11:19:00,Arjun,notes bhej dena plss
1640,2026-03-08 11:21:00,Priya,done
1641,2026-03-08 14:04:00,Neha,aaj match dekha?
1642,2026-03-08 14:06:00,Vikram,last over kya tha 🔥
1643,2026-03-08 14:08:00,Neha,haan
1644,2026-03-08 14:10:00,Simran,<video omitted>
1645,2026-03-08 17:16:00,Simran,Forwarded: campus blood donation camp on Saturday
1646,2026-03-08 17:18:00,Neha,kahan pe?
1647,2026-03-08 17:20:00,Simran,main gate ke paas
1648,2026-03-08 17:22:00,Priya,okay
1649,2026-03-08 20:14:00,Neha,phone ki battery dead
1650,2026-03-08 20:16:00,Priya,charger mere bag mein hai
1651,2026-03-08 20:18:00,Vikram,mil gaya thnx
1652,2026-03-08 20:20:00,Aman,cool
1653,2026-03-08 22:00:00,Neha,aaj match dekha?
1654,2026-03-08 22:02:00,Priya,last over kya tha 🔥
1655,2026-03-08 22:04:00,Rahul,haan
1656,2026-03-08 22:06:00,Riya,<video omitted>
1657,2026-03-09 08:17:00,Rahul,ye meme dekho 😂
1658,2026-03-09 08:19:00,Neha,<image omitted>
1659,2026-03-09 08:21:00,Arjun,😂
1660,2026-03-09 08:23:00,Simran,bhai bas kar
1661,2026-03-09 11:12:00,Rahul,lunch mein kya hai?
1662,2026-03-09 11:14:00,Rahul,rajma chawal
1663,2026-03-09 11:16:00,Arjun,nice
1664,2026-03-09 11:18:00,Arjun,mere liye bhi rakhna
1665,2026-03-09 11:30:00,Arjun,I left the laptop charger at the security desk
1666,2026-03-09 14:19:00,Riya,kal lecture hai kya?
1667,2026-03-09 14:21:00,Simran,haan 9 baje
1668,2026-03-09 14:23:00,Arjun,notes bhej dena plss
1669,2026-03-09 14:25:00,Arjun,done
1670,2026-03-09 17:06:00,Riya,kal lecture hai kya?
1671,2026-03-09 17:08:00,Vikram,haan 9 baje
1672,2026-03-09 17:10:00,Priya,notes bhej dena plss
1673,2026-03-09 17:12:00,Priya,done
1674,2026-03-09 20:11:00,Neha,ye meme dekho 😂
1675,2026-03-09 20:13:00,Riya,<image omitted>
1676,2026-03-09 20:15:00,Simran,😂
1677,2026-03-09 20:17:00,Priya,bhai bas kar
1678,2026-03-09 22:15:00,Neha,library chalna hai
1679,2026-03-09 22:17:00,Arjun,seat milegi?
1680,2026-03-09 22:19:00,Arjun,second floor khaali hai
1681,2026-03-09 22:21:00,Priya,aa rha
1682,2026-03-10 08:11:00,Simran,"Forwarded: heavy rain advisory, carry an umbrella"
1683,2026-03-10 08:13:00,Rahul,baarish shuru
1684,2026-03-10 08:15:00,Vikram,kapde andar le lo 😂
1685,2026-03-10 08:17:00,Priya,haan
1686,2026-03-10 11:10:00,Priya,assignment upload ho gaya?
1687,2026-03-10 11:12:00,Riya,server busy aa raha
1688,2026-03-10 11:14:00,Vikram,try again after dinner
1689,2026-03-10 11:16:00,Priya,done
1690,2026-03-10 14:11:00,Rahul,ye meme dekho 😂
1691,2026-03-10 14:13:00,Arjun,<image omitted>
1692,2026-03-10 14:15:00,Arjun,😂
1693,2026-03-10 14:17:00,Rahul,bhai bas kar
1694,2026-03-10 17:13:00,Rahul,weekend movie?
1695,2026-03-10 17:15:00,Simran,comedy dekhte hain
1696,2026-03-10 17:17:00,Rahul,popcorn meri taraf se
1697,2026-03-10 17:19:00,Rahul,done
1698,2026-03-10 20:09:00,Rahul,internship form bhar diya?
1699,2026-03-10 20:11:00,Rahul,resume update krna hai
1700,2026-03-10 20:13:00,Neha,I can review it tonight
1701,2026-03-10 20:15:00,Simran,thanks yaar
1702,2026-03-10 22:11:00,Aman,chai peene aa rahe?
1703,2026-03-10 22:13:00,Simran,nhi yaar
1704,2026-03-10 22:15:00,Rahul,canteen mein samosa bhi hai
1705,2026-03-10 22:17:00,Riya,acha
1706,2026-03-10 22:19:00,Arjun,bas 5 min
1707,2026-03-11 08:13:00,Simran,internship form bhar diya?
1708,2026-03-11 08:15:00,Arjun,resume update krna hai
1709,2026-03-11 08:17:00,Simran,I can review it tonight
1710,2026-03-11 08:19:00,Simran,thanks yaar
1711,2026-03-11 11:02:00,Aman,ye meme dekho 😂
1712,2026-03-11 11:04:00,Riya,<image omitted>
1713,2026-03-11 11:06:00,Vikram,😂
1714,2026-03-11 11:08:00,Aman,bhai bas kar
1715,2026-03-11 14:07:00,Vikram,library chalna hai
1716,2026-03-11 14:09:00,Rahul,seat milegi?
1717,2026-03-11 14:11:00,Simran,second floor khaali hai
1718,2026-03-11 14:13:00,Simran,aa rha
1719,2026-03-11 17:18:00,Priya,aaj match dekha?
1720,2026-03-11 17:20:00,Vikram,last over kya tha 🔥
1721,2026-03-11 17:22:00,Neha,haan
1722,2026-03-11 17:24:00,Aman,<video omitted>
1723,2026-03-11 20:17:00,Riya,phone ki battery dead
1724,2026-03-11 20:19:00,Arjun,charger mere bag mein hai
1725,2026-03-11 20:21:00,Priya,mil gaya thnx
1726,2026-03-11 20:23:00,Riya,cool
1727,2026-03-11 22:01:00,Simran,<document omitted>
1728,2026-03-11 22:03:00,Vikram,ye maths worksheet hai
1729,2026-03-11 22:05:00,Neha,thank you!
1730,2026-03-11 22:07:00,Priya,kal solve karte
1731,2026-03-12 08:03:00,Riya,phone ki battery dead
1732,2026-03-12 08:05:00,Riya,charger mere bag mein hai
1733,2026-03-12 08:07:00,Neha,mil gaya thnx
1734,2026-03-12 08:09:00,Arjun,cool
1735,2026-03-12 11:19:00,Rahul,ye meme dekho 😂
1736,2026-03-12 11:21:00,Riya,<image omitted>
1737,2026-03-12 11:23:00,Riya,😂
1738,2026-03-12 11:25:00,Aman,bhai bas kar
1739,2026-03-12 14:17:00,Vikram,"Forwarded: heavy rain advisory, carry an umbrella"
1740,2026-03-12 14:19:00,Rahul,baarish shuru
1741,2026-03-12 14:21:00,Neha,kapde andar le lo 😂
1742,2026-03-12 14:23:00,Vikram,haan
1743,2026-03-12 17:18:00,Vikram,<document omitted>
1744,2026-03-12 17:20:00,Priya,ye maths worksheet hai
1745,2026-03-12 17:22:00,Rahul,thank you!
1746,2026-03-12 17:24:00,Arjun,kal solve karte
1747,2026-03-12 20:08:00,Rahul,chai peene aa rahe?
1748,2026-03-12 20:10:00,Rahul,nhi yaar
1749,2026-03-12 20:12:00,Riya,canteen mein samosa bhi hai
1750,2026-03-12 20:14:00,Rahul,acha
1751,2026-03-12 20:16:00,Neha,bas 5 min
1752,2026-03-12 22:12:00,Simran,lunch mein kya hai?
1753,2026-03-12 22:14:00,Rahul,rajma chawal
1754,2026-03-12 22:16:00,Vikram,nice
1755,2026-03-12 22:18:00,Arjun,mere liye bhi rakhna
1756,2026-03-13 08:14:00,Priya,weekend movie?
1757,2026-03-13 08:16:00,Priya,comedy dekhte hain
1758,2026-03-13 08:18:00,Arjun,popcorn meri taraf se
1759,2026-03-13 08:20:00,Vikram,done
1760,2026-03-13 11:14:00,Simran,"Forwarded: heavy rain advisory, carry an umbrella"
1761,2026-03-13 11:16:00,Neha,baarish shuru
1762,2026-03-13 11:18:00,Aman,kapde andar le lo 😂
1763,2026-03-13 11:20:00,Priya,haan
1764,2026-03-13 14:11:00,Priya,phone ki battery dead
1765,2026-03-13 14:13:00,Arjun,charger mere bag mein hai
1766,2026-03-13 14:15:00,Riya,mil gaya thnx
1767,2026-03-13 14:17:00,Arjun,cool
1768,2026-03-13 17:15:00,Vikram,Forwarded: campus blood donation camp on Saturday
1769,2026-03-13 17:17:00,Neha,kahan pe?
1770,2026-03-13 17:19:00,Vikram,main gate ke paas
1771,2026-03-13 17:21:00,Neha,okay
1772,2026-03-13 20:18:00,Simran,assignment upload ho gaya?
1773,2026-03-13 20:20:00,Neha,server busy aa raha
1774,2026-03-13 20:22:00,Aman,try again after dinner
1775,2026-03-13 20:24:00,Aman,done
1776,2026-03-13 22:14:00,Aman,aaj match dekha?
1777,2026-03-13 22:16:00,Priya,last over kya tha 🔥
1778,2026-03-13 22:18:00,Rahul,haan
1779,2026-03-13 22:20:00,Simran,<video omitted>
1780,2026-03-14 08:00:00,Arjun,phone ki battery dead
1781,2026-03-14 08:02:00,Riya,charger mere bag mein hai
1782,2026-03-14 08:04:00,Rahul,mil gaya thnx
1783,2026-03-14 08:06:00,Vikram,cool
1784,2026-03-14 11:08:00,Priya,ye meme dekho 😂
1785,2026-03-14 11:10:00,Neha,<image omitted>
1786,2026-03-14 11:12:00,Vikram,😂
1787,2026-03-14 11:14:00,Priya,bhai bas kar
1788,2026-03-14 14:05:00,Aman,"Forwarded: heavy rain advisory, carry an umbrella"
1789,2026-03-14 14:07:00,Arjun,baarish shuru
1790,2026-03-14 14:09:00,Vikram,kapde andar le lo 😂
1791,2026-03-14 14:11:00,Riya,haan
1792,2026-03-14 17:02:00,Priya,good morning
1793,2026-03-14 17:04:00,Aman,gym kaun aayega?
1794,2026-03-14 17:06:00,Riya,aaj rest day 😂
1795,2026-03-14 17:08:00,Simran,same
1796,2026-03-14 20:04:00,Riya,wifi fir se gaya 😭
1797,2026-03-14 20:06:00,Simran,router restart kr
1798,2026-03-14 20:08:00,Aman,kiya bhai
1799,2026-03-14 20:10:00,Aman,ab chal raha 😂
1800,2026-03-14 22:03:00,Arjun,office se late niklunga
1801,2026-03-14 22:05:00,Rahul,traffic bhot hai
1802,2026-03-14 22:07:00,Simran,take care
1803,2026-03-14 22:09:00,Priya,ghar pahunch ke ping kr
1804,2026-03-15 08:12:00,Priya,lunch mein kya hai?
1805,2026-03-15 08:14:00,Priya,rajma chawal
1806,2026-03-15 08:16:00,Priya,nice
1807,2026-03-15 08:18:00,Neha,mere liye bhi rakhna
1808,2026-03-15 11:09:00,Rahul,"Forwarded: heavy rain advisory, carry an umbrella"
1809,2026-03-15 11:11:00,Arjun,baarish shuru
1810,2026-03-15 11:13:00,Rahul,kapde andar le lo 😂
1811,2026-03-15 11:15:00,Rahul,haan
1812,2026-03-15 14:16:00,Aman,wifi fir se gaya 😭
1813,2026-03-15 14:18:00,Rahul,router restart kr
1814,2026-03-15 14:20:00,Simran,kiya bhai
1815,2026-03-15 14:22:00,Neha,ab chal raha 😂
1816,2026-03-15 17:04:00,Arjun,Forwarded: campus blood donation camp on Saturday
1817,2026-03-15 17:06:00,Simran,kahan pe?
1818,2026-03-15 17:08:00,Riya,main gate ke paas
1819,2026-03-15 17:10:00,Priya,okay
1820,2026-03-15 20:04:00,Priya,aaj match dekha?
1821,2026-03-15 20:06:00,Arjun,last over kya tha 🔥
1822,2026-03-15 20:08:00,Neha,haan
1823,2026-03-15 20:10:00,Arjun,<video omitted>
1824,2026-03-15 22:04:00,Riya,office se late niklunga
1825,2026-03-15 22:06:00,Vikram,traffic bhot hai
1826,2026-03-15 22:08:00,Priya,take care
1827,2026-03-15 22:10:00,Riya,ghar pahunch ke ping kr
1828,2026-03-16 08:00:00,Vikram,<document omitted>
1829,2026-03-16 08:02:00,Riya,ye maths worksheet hai
1830,2026-03-16 08:04:00,Riya,thank you!
1831,2026-03-16 08:06:00,Arjun,kal solve karte
1832,2026-03-16 11:01:00,Riya,<document omitted>
1833,2026-03-16 11:03:00,Simran,ye maths worksheet hai
1834,2026-03-16 11:05:00,Arjun,thank you!
1835,2026-03-16 11:07:00,Priya,kal solve karte
1836,2026-03-16 14:15:00,Priya,lunch mein kya hai?
1837,2026-03-16 14:17:00,Aman,rajma chawal
1838,2026-03-16 14:19:00,Neha,nice
1839,2026-03-16 14:21:00,Neha,mere liye bhi rakhna
1840,2026-03-16 17:12:00,Arjun,assignment upload ho gaya?
1841,2026-03-16 17:14:00,Neha,server busy aa raha
1842,2026-03-16 17:16:00,Rahul,try again after dinner
1843,2026-03-16 17:18:00,Simran,done
1844,2026-03-16 20:00:00,Priya,wifi fir se gaya 😭
1845,2026-03-16 20:02:00,Aman,router restart kr
1846,2026-03-16 20:04:00,Vikram,kiya bhai
1847,2026-03-16 20:06:00,Riya,ab chal raha 😂
1848,2026-03-16 22:01:00,Arjun,chai peene aa rahe?
1849,2026-03-16 22:03:00,Vikram,nhi yaar
1850,2026-03-16 22:05:00,Arjun,canteen mein samosa bhi hai
1851,2026-03-16 22:07:00,Arjun,acha
1852,2026-03-16 22:09:00,Arjun,bas 5 min
1853,2026-03-17 08:17:00,Rahul,wifi fir se gaya 😭
1854,2026-03-17 08:19:00,Vikram,router restart kr
1855,2026-03-17 08:21:00,Priya,kiya bhai
1856,2026-03-17 08:23:00,Vikram,ab chal raha 😂
1857,2026-03-17 11:16:00,Riya,wifi fir se gaya 😭
1858,2026-03-17 11:18:00,Rahul,router restart kr
1859,2026-03-17 11:20:00,Neha,kiya bhai
1860,2026-03-17 11:22:00,Arjun,ab chal raha 😂
1861,2026-03-17 14:09:00,Arjun,wifi fir se gaya 😭
1862,2026-03-17 14:11:00,Riya,router restart kr
1863,2026-03-17 14:13:00,Aman,kiya bhai
1864,2026-03-17 14:15:00,Riya,ab chal raha 😂
1865,2026-03-17 17:13:00,Priya,wifi fir se gaya 😭
1866,2026-03-17 17:15:00,Simran,router restart kr
1867,2026-03-17 17:17:00,Aman,kiya bhai
1868,2026-03-17 17:19:00,Vikram,ab chal raha 😂
1869,2026-03-17 20:03:00,Aman,ye meme dekho 😂
1870,2026-03-17 20:05:00,Rahul,<image omitted>
1871,2026-03-17 20:07:00,Aman,😂
1872,2026-03-17 20:09:00,Rahul,bhai bas kar
1873,2026-03-17 22:11:00,Vikram,internship form bhar diya?
1874,2026-03-17 22:13:00,Rahul,resume update krna hai
1875,2026-03-17 22:15:00,Neha,I can review it tonight
1876,2026-03-17 22:17:00,Rahul,thanks yaar
1877,2026-03-18 08:03:00,Aman,library chalna hai
1878,2026-03-18 08:05:00,Neha,seat milegi?
1879,2026-03-18 08:07:00,Arjun,second floor khaali hai
1880,2026-03-18 08:09:00,Vikram,aa rha
1881,2026-03-18 11:08:00,Priya,wifi fir se gaya 😭
1882,2026-03-18 11:10:00,Simran,router restart kr
1883,2026-03-18 11:12:00,Simran,kiya bhai
1884,2026-03-18 11:14:00,Neha,ab chal raha 😂
1885,2026-03-18 14:15:00,Rahul,chai peene aa rahe?
1886,2026-03-18 14:17:00,Neha,nhi yaar
1887,2026-03-18 14:19:00,Rahul,canteen mein samosa bhi hai
1888,2026-03-18 14:21:00,Vikram,acha
1889,2026-03-18 14:23:00,Priya,bas 5 min
1890,2026-03-18 17:07:00,Aman,aaj match dekha?
1891,2026-03-18 17:09:00,Aman,last over kya tha 🔥
1892,2026-03-18 17:11:00,Aman,haan
1893,2026-03-18 17:13:00,Riya,<video omitted>
1894,2026-03-18 20:15:00,Neha,chai peene aa rahe?
1895,2026-03-18 20:17:00,Arjun,nhi yaar
1896,2026-03-18 20:19:00,Rahul,canteen mein samosa bhi hai
1897,2026-03-18 20:21:00,Rahul,acha
1898,2026-03-18 20:23:00,Aman,bas 5 min
1899,2026-03-18 22:07:00,Neha,good morning
1900,2026-03-18 22:09:00,Riya,gym kaun aayega?
1901,2026-03-18 22:11:00,Arjun,aaj rest day 😂
1902,2026-03-18 22:13:00,Neha,same
1903,2026-03-19 08:02:00,Neha,library chalna hai
1904,2026-03-19 08:04:00,Priya,seat milegi?
1905,2026-03-19 08:06:00,Aman,second floor khaali hai
1906,2026-03-19 08:08:00,Rahul,aa rha
1907,2026-03-19 11:16:00,Aman,lunch mein kya hai?
1908,2026-03-19 11:18:00,Arjun,rajma chawal
1909,2026-03-19 11:20:00,Priya,nice
1910,2026-03-19 11:22:00,Simran,mere liye bhi rakhna
1911,2026-03-19 14:09:00,Neha,<document omitted>
1912,2026-03-19 14:11:00,Priya,ye maths worksheet hai
1913,2026-03-19 14:13:00,Simran,thank you!
1914,2026-03-19 14:15:00,Aman,kal solve karte
1915,2026-03-19 17:06:00,Vikram,"Forwarded: heavy rain advisory, carry an umbrella"
1916,2026-03-19 17:08:00,Vikram,baarish shuru
1917,2026-03-19 17:10:00,Riya,kapde andar le lo 😂
1918,2026-03-19 17:12:00,Simran,haan
1919,2026-03-19 20:18:00,Simran,"Forwarded: heavy rain advisory, carry an umbrella"
1920,2026-03-19 20:20:00,Riya,baarish shuru
1921,2026-03-19 20:22:00,Riya,kapde andar le lo 😂
1922,2026-03-19 20:24:00,Rahul,haan
1923,2026-03-19 22:13:00,Aman,kal lecture hai kya?
1924,2026-03-19 22:15:00,Riya,haan 9 baje
1925,2026-03-19 22:17:00,Neha,notes bhej dena plss
1926,2026-03-19 22:19:00,Aman,done
1927,2026-03-20 08:00:00,Arjun,office se late niklunga
1928,2026-03-20 08:02:00,Vikram,traffic bhot hai
1929,2026-03-20 08:04:00,Priya,take care
1930,2026-03-20 08:06:00,Riya,ghar pahunch ke ping kr
1931,2026-03-20 11:13:00,Simran,lunch mein kya hai?
1932,2026-03-20 11:15:00,Aman,rajma chawal
1933,2026-03-20 11:17:00,Rahul,nice
1934,2026-03-20 11:19:00,Vikram,mere liye bhi rakhna
1935,2026-03-20 14:01:00,Riya,wifi fir se gaya 😭
1936,2026-03-20 14:03:00,Arjun,router restart kr
1937,2026-03-20 14:05:00,Neha,kiya bhai
1938,2026-03-20 14:07:00,Simran,ab chal raha 😂
1939,2026-03-20 17:18:00,Priya,wifi fir se gaya 😭
1940,2026-03-20 17:20:00,Rahul,router restart kr
1941,2026-03-20 17:22:00,Arjun,kiya bhai
1942,2026-03-20 17:24:00,Priya,ab chal raha 😂
1943,2026-03-20 20:13:00,Rahul,chai peene aa rahe?
1944,2026-03-20 20:15:00,Riya,nhi yaar
1945,2026-03-20 20:17:00,Vikram,canteen mein samosa bhi hai
1946,2026-03-20 20:19:00,Vikram,acha
1947,2026-03-20 20:21:00,Neha,bas 5 min
1948,2026-03-20 22:10:00,Neha,weekend movie?
1949,2026-03-20 22:12:00,Simran,comedy dekhte hain
1950,2026-03-20 22:14:00,Vikram,popcorn meri taraf se
1951,2026-03-20 22:16:00,Riya,done
1952,2026-03-21 08:06:00,Rahul,wifi fir se gaya 😭
1953,2026-03-21 08:08:00,Priya,router restart kr
1954,2026-03-21 08:10:00,Rahul,kiya bhai
1955,2026-03-21 08:12:00,Priya,ab chal raha 😂
1956,2026-03-21 11:14:00,Simran,ye meme dekho 😂
1957,2026-03-21 11:16:00,Neha,<image omitted>
1958,2026-03-21 11:18:00,Arjun,😂
1959,2026-03-21 11:20:00,Priya,bhai bas kar
1960,2026-03-21 14:06:00,Simran,"Forwarded: heavy rain advisory, carry an umbrella"
1961,2026-03-21 14:08:00,Vikram,baarish shuru
1962,2026-03-21 14:10:00,Simran,kapde andar le lo 😂
1963,2026-03-21 14:12:00,Vikram,haan
1964,2026-03-21 17:02:00,Rahul,aaj match dekha?
1965,2026-03-21 17:04:00,Vikram,last over kya tha 🔥
1966,2026-03-21 17:06:00,Aman,haan
1967,2026-03-21 17:08:00,Riya,<video omitted>
1968,2026-03-21 20:04:00,Priya,office se late niklunga
1969,2026-03-21 20:06:00,Riya,traffic bhot hai
1970,2026-03-21 20:08:00,Neha,take care
1971,2026-03-21 20:10:00,Arjun,ghar pahunch ke ping kr
1972,2026-03-21 22:09:00,Vikram,chai peene aa rahe?
1973,2026-03-21 22:11:00,Rahul,nhi yaar
1974,2026-03-21 22:13:00,Aman,canteen mein samosa bhi hai
1975,2026-03-21 22:15:00,Arjun,acha
1976,2026-03-21 22:17:00,Simran,bas 5 min
1977,2026-03-22 08:03:00,Simran,lunch mein kya hai?
1978,2026-03-22 08:05:00,Priya,rajma chawal
1979,2026-03-22 08:07:00,Rahul,nice
1980,2026-03-22 08:09:00,Priya,mere liye bhi rakhna
1981,2026-03-22 11:01:00,Riya,kal lecture hai kya?
1982,2026-03-22 11:03:00,Rahul,haan 9 baje
1983,2026-03-22 11:05:00,Riya,notes bhej dena plss
1984,2026-03-22 11:07:00,Arjun,done
1985,2026-03-22 14:02:00,Vikram,"Forwarded: heavy rain advisory, carry an umbrella"
1986,2026-03-22 14:04:00,Priya,baarish shuru
1987,2026-03-22 14:06:00,Aman,kapde andar le lo 😂
1988,2026-03-22 14:08:00,Priya,haan
1989,2026-03-22 17:14:00,Rahul,Forwarded: campus blood donation camp on Saturday
1990,2026-03-22 17:16:00,Priya,kahan pe?
1991,2026-03-22 17:18:00,Neha,main gate ke paas
1992,2026-03-22 17:20:00,Priya,okay
1993,2026-03-22 20:14:00,Aman,chai peene aa rahe?
1994,2026-03-22 20:16:00,Rahul,nhi yaar
1995,2026-03-22 20:18:00,Arjun,canteen mein samosa bhi hai
1996,2026-03-22 20:20:00,Arjun,acha
1997,2026-03-22 20:22:00,Simran,bas 5 min
1998,2026-03-22 22:12:00,Arjun,kal lecture hai kya?
1999,2026-03-22 22:14:00,Rahul,haan 9 baje
2000,2026-03-22 22:16:00,Neha,notes bhej dena plss
2001,2026-03-22 22:18:00,Riya,done
2002,2026-03-23 08:08:00,Vikram,ye meme dekho 😂
2003,2026-03-23 08:10:00,Simran,<image omitted>
2004,2026-03-23 08:12:00,Rahul,😂
2005,2026-03-23 08:14:00,Aman,bhai bas kar
2006,2026-03-23 11:09:00,Simran,lunch mein kya hai?
2007,2026-03-23 11:11:00,Arjun,rajma chawal
2008,2026-03-23 11:13:00,Simran,nice
2009,2026-03-23 11:15:00,Aman,mere liye bhi rakhna
2010,2026-03-23 14:08:00,Arjun,wifi fir se gaya 😭
2011,2026-03-23 14:10:00,Rahul,router restart kr
2012,2026-03-23 14:12:00,Arjun,kiya bhai
2013,2026-03-23 14:14:00,Riya,ab chal raha 😂
2014,2026-03-23 17:17:00,Aman,lunch mein kya hai?
2015,2026-03-23 17:19:00,Arjun,rajma chawal
2016,2026-03-23 17:21:00,Neha,nice
2017,2026-03-23 17:23:00,Simran,mere liye bhi rakhna
2018,2026-03-23 20:11:00,Neha,internship form bhar diya?
2019,2026-03-23 20:13:00,Arjun,resume update krna hai
2020,2026-03-23 20:15:00,Vikram,I can review it tonight
2021,2026-03-23 20:17:00,Rahul,thanks yaar
2022,2026-03-23 22:10:00,Riya,kal lecture hai kya?
2023,2026-03-23 22:12:00,Aman,haan 9 baje
2024,2026-03-23 22:14:00,Vikram,notes bhej dena plss
2025,2026-03-23 22:16:00,Aman,done
2026,2026-03-24 08:16:00,Neha,internship form bhar diya?
2027,2026-03-24 08:18:00,Riya,resume update krna hai
2028,2026-03-24 08:20:00,Rahul,I can review it tonight
2029,2026-03-24 08:22:00,Priya,thanks yaar
2030,2026-03-24 11:07:00,Vikram,lunch mein kya hai?
2031,2026-03-24 11:09:00,Aman,rajma chawal
2032,2026-03-24 11:11:00,Riya,nice
2033,2026-03-24 11:13:00,Arjun,mere liye bhi rakhna
2034,2026-03-24 14:05:00,Rahul,"Forwarded: heavy rain advisory, carry an umbrella"
2035,2026-03-24 14:07:00,Riya,baarish shuru
2036,2026-03-24 14:09:00,Neha,kapde andar le lo 😂
2037,2026-03-24 14:11:00,Neha,haan
2038,2026-03-24 17:11:00,Rahul,kal lecture hai kya?
2039,2026-03-24 17:13:00,Riya,haan 9 baje
2040,2026-03-24 17:15:00,Simran,notes bhej dena plss
2041,2026-03-24 17:17:00,Vikram,done
2042,2026-03-24 20:15:00,Aman,ye meme dekho 😂
2043,2026-03-24 20:17:00,Priya,<image omitted>
2044,2026-03-24 20:19:00,Aman,😂
2045,2026-03-24 20:21:00,Riya,bhai bas kar
2046,2026-03-24 22:00:00,Simran,lunch mein kya hai?
2047,2026-03-24 22:02:00,Aman,rajma chawal
2048,2026-03-24 22:04:00,Neha,nice
2049,2026-03-24 22:06:00,Riya,mere liye bhi rakhna
2050,2026-03-25 08:10:00,Rahul,assignment upload ho gaya?
2051,2026-03-25 08:12:00,Neha,server busy aa raha
2052,2026-03-25 08:14:00,Aman,try again after dinner
2053,2026-03-25 08:16:00,Aman,done
2054,2026-03-25 11:18:00,Rahul,assignment upload ho gaya?
2055,2026-03-25 11:20:00,Priya,server busy aa raha
2056,2026-03-25 11:22:00,Neha,try again after dinner
2057,2026-03-25 11:24:00,Priya,done
2058,2026-03-25 14:12:00,Priya,"Forwarded: heavy rain advisory, carry an umbrella"
2059,2026-03-25 14:14:00,Neha,baarish shuru
2060,2026-03-25 14:16:00,Vikram,kapde andar le lo 😂
2061,2026-03-25 14:18:00,Neha,haan
2062,2026-03-25 17:05:00,Arjun,assignment upload ho gaya?
2063,2026-03-25 17:07:00,Simran,server busy aa raha
2064,2026-03-25 17:09:00,Neha,try again after dinner
2065,2026-03-25 17:11:00,Rahul,done
2066,2026-03-25 20:07:00,Rahul,"Forwarded: heavy rain advisory, carry an umbrella"
2067,2026-03-25 20:09:00,Arjun,baarish shuru
2068,2026-03-25 20:11:00,Vikram,kapde andar le lo 😂
2069,2026-03-25 20:13:00,Vikram,haan
2070,2026-03-25 22:05:00,Aman,assignment upload ho gaya?
2071,2026-03-25 22:07:00,Arjun,server busy aa raha
2072,2026-03-25 22:09:00,Aman,try again after dinner
2073,2026-03-25 22:11:00,Rahul,done
2074,2026-03-26 08:19:00,Riya,office se late niklunga
2075,2026-03-26 08:21:00,Priya,traffic bhot hai
2076,2026-03-26 08:23:00,Simran,take care
2077,2026-03-26 08:25:00,Rahul,ghar pahunch ke ping kr
2078,2026-03-26 11:02:00,Riya,office se late niklunga
2079,2026-03-26 11:04:00,Neha,traffic bhot hai
2080,2026-03-26 11:06:00,Neha,take care
2081,2026-03-26 11:08:00,Rahul,ghar pahunch ke ping kr
2082,2026-03-26 14:10:00,Simran,wifi fir se gaya 😭
2083,2026-03-26 14:12:00,Aman,router restart kr
2084,2026-03-26 14:14:00,Vikram,kiya bhai
2085,2026-03-26 14:16:00,Riya,ab chal raha 😂
2086,2026-03-26 17:02:00,Neha,lunch mein kya hai?
2087,2026-03-26 17:04:00,Vikram,rajma chawal
2088,2026-03-26 17:06:00,Priya,nice
2089,2026-03-26 17:08:00,Aman,mere liye bhi rakhna
2090,2026-03-26 20:12:00,Simran,chai peene aa rahe?
2091,2026-03-26 20:14:00,Arjun,nhi yaar
2092,2026-03-26 20:16:00,Rahul,canteen mein samosa bhi hai
2093,2026-03-26 20:18:00,Arjun,acha
2094,2026-03-26 20:20:00,Simran,bas 5 min
2095,2026-03-26 22:11:00,Arjun,weekend movie?
2096,2026-03-26 22:13:00,Priya,comedy dekhte hain
2097,2026-03-26 22:15:00,Simran,popcorn meri taraf se
2098,2026-03-26 22:17:00,Riya,done
2099,2026-03-27 08:14:00,Priya,ye meme dekho 😂
2100,2026-03-27 08:16:00,Aman,<image omitted>
2101,2026-03-27 08:18:00,Vikram,😂
2102,2026-03-27 08:20:00,Aman,bhai bas kar
2103,2026-03-27 11:08:00,Priya,office se late niklunga
2104,2026-03-27 11:10:00,Priya,traffic bhot hai
2105,2026-03-27 11:12:00,Neha,take care
2106,2026-03-27 11:14:00,Rahul,ghar pahunch ke ping kr
2107,2026-03-27 14:05:00,Priya,weekend movie?
2108,2026-03-27 14:07:00,Priya,comedy dekhte hain
2109,2026-03-27 14:09:00,Neha,popcorn meri taraf se
2110,2026-03-27 14:11:00,Simran,done
2111,2026-03-27 17:13:00,Rahul,kal lecture hai kya?
2112,2026-03-27 17:15:00,Arjun,haan 9 baje
2113,2026-03-27 17:17:00,Rahul,notes bhej dena plss
2114,2026-03-27 17:19:00,Aman,done
2115,2026-03-27 20:10:00,Riya,aaj match dekha?
2116,2026-03-27 20:12:00,Riya,last over kya tha 🔥
2117,2026-03-27 20:14:00,Arjun,haan
2118,2026-03-27 20:16:00,Vikram,<video omitted>
2119,2026-03-27 22:09:00,Riya,<document omitted>
2120,2026-03-27 22:11:00,Priya,ye maths worksheet hai
2121,2026-03-27 22:13:00,Aman,thank you!
2122,2026-03-27 22:15:00,Arjun,kal solve karte
2123,2026-03-28 08:04:00,Aman,internship form bhar diya?
2124,2026-03-28 08:06:00,Neha,resume update krna hai
2125,2026-03-28 08:08:00,Aman,I can review it tonight
2126,2026-03-28 08:10:00,Arjun,thanks yaar
2127,2026-03-28 11:09:00,Simran,wifi fir se gaya 😭
2128,2026-03-28 11:11:00,Riya,router restart kr
2129,2026-03-28 11:13:00,Priya,kiya bhai
2130,2026-03-28 11:15:00,Aman,ab chal raha 😂
2131,2026-03-28 14:05:00,Vikram,Forwarded: campus blood donation camp on Saturday
2132,2026-03-28 14:07:00,Priya,kahan pe?
2133,2026-03-28 14:09:00,Simran,main gate ke paas
2134,2026-03-28 14:11:00,Priya,okay
2135,2026-03-28 17:12:00,Simran,<document omitted>
2136,2026-03-28 17:14:00,Simran,ye maths worksheet hai
2137,2026-03-28 17:16:00,Vikram,thank you!
2138,2026-03-28 17:18:00,Priya,kal solve karte
2139,2026-03-28 20:05:00,Neha,weekend movie?
2140,2026-03-28 20:07:00,Arjun,comedy dekhte hain
2141,2026-03-28 20:09:00,Neha,popcorn meri taraf se
2142,2026-03-28 20:11:00,Rahul,done
2143,2026-03-28 22:01:00,Vikram,phone ki battery dead
2144,2026-03-28 22:03:00,Simran,charger mere bag mein hai
2145,2026-03-28 22:05:00,Simran,mil gaya thnx
2146,2026-03-28 22:07:00,Vikram,cool
2147,2026-03-29 08:08:00,Aman,lunch mein kya hai?
2148,2026-03-29 08:10:00,Rahul,rajma chawal
2149,2026-03-29 08:12:00,Priya,nice
2150,2026-03-29 08:14:00,Priya,mere liye bhi rakhna
2151,2026-03-29 11:17:00,Arjun,"Forwarded: heavy rain advisory, carry an umbrella"
2152,2026-03-29 11:19:00,Riya,baarish shuru
2153,2026-03-29 11:21:00,Aman,kapde andar le lo 😂
2154,2026-03-29 11:23:00,Arjun,haan
2155,2026-03-29 14:17:00,Simran,good morning
2156,2026-03-29 14:19:00,Riya,gym kaun aayega?
2157,2026-03-29 14:21:00,Simran,aaj rest day 😂
2158,2026-03-29 14:23:00,Vikram,same
2159,2026-03-29 17:12:00,Aman,wifi fir se gaya 😭
2160,2026-03-29 17:14:00,Rahul,router restart kr
2161,2026-03-29 17:16:00,Priya,kiya bhai
2162,2026-03-29 17:18:00,Simran,ab chal raha 😂
2163,2026-03-29 20:05:00,Riya,ye meme dekho 😂
2164,2026-03-29 20:07:00,Riya,<image omitted>
2165,2026-03-29 20:09:00,Rahul,😂
2166,2026-03-29 20:11:00,Aman,bhai bas kar
2167,2026-03-29 22:02:00,Arjun,good morning
2168,2026-03-29 22:04:00,Riya,gym kaun aayega?
2169,2026-03-29 22:06:00,Rahul,aaj rest day 😂
2170,2026-03-29 22:08:00,Vikram,same
2171,2026-03-30 08:02:00,Priya,office se late niklunga
2172,2026-03-30 08:04:00,Arjun,traffic bhot hai
2173,2026-03-30 08:06:00,Arjun,take care
2174,2026-03-30 08:08:00,Neha,ghar pahunch ke ping kr
2175,2026-03-30 11:16:00,Simran,library chalna hai
2176,2026-03-30 11:18:00,Aman,seat milegi?
2177,2026-03-30 11:20:00,Arjun,second floor khaali hai
2178,2026-03-30 11:22:00,Priya,aa rha
2179,2026-03-30 14:04:00,Rahul,good morning
2180,2026-03-30 14:06:00,Priya,gym kaun aayega?
2181,2026-03-30 14:08:00,Priya,aaj rest day 😂
2182,2026-03-30 14:10:00,Priya,same
2183,2026-03-30 17:17:00,Neha,<document omitted>
2184,2026-03-30 17:19:00,Arjun,ye maths worksheet hai
2185,2026-03-30 17:21:00,Vikram,thank you!
2186,2026-03-30 17:23:00,Arjun,kal solve karte
2187,2026-03-30 20:18:00,Simran,internship form bhar diya?
2188,2026-03-30 20:20:00,Aman,resume update krna hai
2189,2026-03-30 20:22:00,Rahul,I can review it tonight
2190,2026-03-30 20:24:00,Vikram,thanks yaar
2191,2026-03-30 22:04:00,Arjun,weekend movie?
2192,2026-03-30 22:06:00,Aman,comedy dekhte hain
2193,2026-03-30 22:08:00,Arjun,popcorn meri taraf se
2194,2026-03-30 22:10:00,Neha,done
2195,2026-03-31 08:01:00,Simran,lunch mein kya hai?
2196,2026-03-31 08:03:00,Vikram,rajma chawal
2197,2026-03-31 08:05:00,Neha,nice
2198,2026-03-31 08:07:00,Aman,mere liye bhi rakhna
2199,2026-03-31 11:09:00,Vikram,office se late niklunga
2200,2026-03-31 11:11:00,Vikram,traffic bhot hai
2201,2026-03-31 11:13:00,Simran,take care
2202,2026-03-31 11:15:00,Priya,ghar pahunch ke ping kr
2203,2026-03-31 14:04:00,Vikram,lunch mein kya hai?
2204,2026-03-31 14:06:00,Simran,rajma chawal
2205,2026-03-31 14:08:00,Neha,nice
2206,2026-03-31 14:10:00,Vikram,mere liye bhi rakhna
2207,2026-03-31 17:19:00,Priya,good morning
2208,2026-03-31 17:21:00,Riya,gym kaun aayega?
2209,2026-03-31 17:23:00,Simran,aaj rest day 😂
2210,2026-03-31 17:25:00,Riya,same
2211,2026-03-31 20:15:00,Neha,good morning
2212,2026-03-31 20:17:00,Aman,gym kaun aayega?
2213,2026-03-31 20:19:00,Rahul,aaj rest day 😂
2214,2026-03-31 20:21:00,Priya,same
2215,2026-03-31 22:16:00,Arjun,<document omitted>
2216,2026-03-31 22:18:00,Rahul,ye maths worksheet hai
2217,2026-03-31 22:20:00,Aman,thank you!
2218,2026-03-31 22:22:00,Rahul,kal solve karte
2219,2026-04-01 08:06:00,Aman,Forwarded: campus blood donation camp on Saturday
2220,2026-04-01 08:08:00,Riya,kahan pe?
2221,2026-04-01 08:10:00,Aman,main gate ke paas
2222,2026-04-01 08:12:00,Simran,okay
2223,2026-04-01 11:11:00,Riya,chai peene aa rahe?
2224,2026-04-01 11:13:00,Vikram,nhi yaar
2225,2026-04-01 11:15:00,Neha,canteen mein samosa bhi hai
2226,2026-04-01 11:17:00,Simran,acha
2227,2026-04-01 11:19:00,Arjun,bas 5 min
2228,2026-04-01 14:00:00,Riya,aaj match dekha?
2229,2026-04-01 14:02:00,Neha,last over kya tha 🔥
2230,2026-04-01 14:04:00,Simran,haan
2231,2026-04-01 14:06:00,Simran,<video omitted>
2232,2026-04-01 17:15:00,Neha,ye meme dekho 😂
2233,2026-04-01 17:17:00,Neha,<image omitted>
2234,2026-04-01 17:19:00,Rahul,😂
2235,2026-04-01 17:21:00,Vikram,bhai bas kar
2236,2026-04-01 20:09:00,Aman,wifi fir se gaya 😭
2237,2026-04-01 20:11:00,Arjun,router restart kr
2238,2026-04-01 20:13:00,Aman,kiya bhai
2239,2026-04-01 20:15:00,Rahul,ab chal raha 😂
2240,2026-04-01 22:07:00,Riya,Forwarded: campus blood donation camp on Saturday
2241,2026-04-01 22:09:00,Riya,kahan pe?
2242,2026-04-01 22:11:00,Vikram,main gate ke paas
2243,2026-04-01 22:13:00,Arjun,okay
2244,2026-04-02 08:00:00,Simran,kal lecture hai kya?
2245,2026-04-02 08:02:00,Rahul,haan 9 baje
2246,2026-04-02 08:04:00,Rahul,notes bhej dena plss
2247,2026-04-02 08:06:00,Aman,done
2248,2026-04-02 11:08:00,Vikram,lunch mein kya hai?
2249,2026-04-02 11:10:00,Vikram,rajma chawal
2250,2026-04-02 11:12:00,Arjun,nice
2251,2026-04-02 11:14:00,Arjun,mere liye bhi rakhna
2252,2026-04-02 14:14:00,Vikram,"Forwarded: heavy rain advisory, carry an umbrella"
2253,2026-04-02 14:16:00,Riya,baarish shuru
2254,2026-04-02 14:18:00,Simran,kapde andar le lo 😂
2255,2026-04-02 14:20:00,Vikram,haan
2256,2026-04-02 17:18:00,Priya,weekend movie?
2257,2026-04-02 17:20:00,Aman,comedy dekhte hain
2258,2026-04-02 17:22:00,Neha,popcorn meri taraf se
2259,2026-04-02 17:24:00,Vikram,done
2260,2026-04-02 20:03:00,Simran,<document omitted>
2261,2026-04-02 20:05:00,Priya,ye maths worksheet hai
2262,2026-04-02 20:07:00,Neha,thank you!
2263,2026-04-02 20:09:00,Vikram,kal solve karte
2264,2026-04-02 22:08:00,Vikram,office se late niklunga
2265,2026-04-02 22:10:00,Vikram,traffic bhot hai
2266,2026-04-02 22:12:00,Riya,take care
2267,2026-04-02 22:14:00,Rahul,ghar pahunch ke ping kr
2268,2026-04-03 08:01:00,Arjun,lunch mein kya hai?
2269,2026-04-03 08:03:00,Neha,rajma chawal
2270,2026-04-03 08:05:00,Rahul,nice
2271,2026-04-03 08:07:00,Aman,mere liye bhi rakhna
2272,2026-04-03 11:09:00,Vikram,internship form bhar diya?
2273,2026-04-03 11:11:00,Arjun,resume update krna hai
2274,2026-04-03 11:13:00,Arjun,I can review it tonight
2275,2026-04-03 11:15:00,Arjun,thanks yaar
2276,2026-04-03 14:18:00,Riya,chai peene aa rahe?
2277,2026-04-03 14:20:00,Neha,nhi yaar
2278,2026-04-03 14:22:00,Riya,canteen mein samosa bhi hai
2279,2026-04-03 14:24:00,Simran,acha
2280,2026-04-03 14:26:00,Neha,bas 5 min
2281,2026-04-03 17:05:00,Rahul,<document omitted>
2282,2026-04-03 17:07:00,Vikram,ye maths worksheet hai
2283,2026-04-03 17:09:00,Priya,thank you!
2284,2026-04-03 17:11:00,Simran,kal solve karte
2285,2026-04-03 20:08:00,Rahul,assignment upload ho gaya?
2286,2026-04-03 20:10:00,Neha,server busy aa raha
2287,2026-04-03 20:12:00,Priya,try again after dinner
2288,2026-04-03 20:14:00,Riya,done
2289,2026-04-03 22:07:00,Vikram,"Forwarded: heavy rain advisory, carry an umbrella"
2290,2026-04-03 22:09:00,Arjun,baarish shuru
2291,2026-04-03 22:11:00,Neha,kapde andar le lo 😂
2292,2026-04-03 22:13:00,Neha,haan
2293,2026-04-04 08:18:00,Vikram,library chalna hai
2294,2026-04-04 08:20:00,Simran,seat milegi?
2295,2026-04-04 08:22:00,Priya,second floor khaali hai
2296,2026-04-04 08:24:00,Simran,aa rha
2297,2026-04-04 11:18:00,Priya,chai peene aa rahe?
2298,2026-04-04 11:20:00,Simran,nhi yaar
2299,2026-04-04 11:22:00,Riya,canteen mein samosa bhi hai
2300,2026-04-04 11:24:00,Priya,acha
2301,2026-04-04 11:26:00,Arjun,bas 5 min
2302,2026-04-04 14:13:00,Aman,<document omitted>
2303,2026-04-04 14:15:00,Rahul,ye maths worksheet hai
2304,2026-04-04 14:17:00,Rahul,thank you!
2305,2026-04-04 14:19:00,Riya,kal solve karte
2306,2026-04-04 17:13:00,Simran,office se late niklunga
2307,2026-04-04 17:15:00,Rahul,traffic bhot hai
2308,2026-04-04 17:17:00,Neha,take care
2309,2026-04-04 17:19:00,Rahul,ghar pahunch ke ping kr
2310,2026-04-04 18:00:00,Simran,Neha ke birthday ke liye chocolate cake order kar diya
2311,2026-04-04 20:15:00,Neha,wifi fir se gaya 😭
2312,2026-04-04 20:17:00,Rahul,router restart kr
2313,2026-04-04 20:19:00,Neha,kiya bhai
2314,2026-04-04 20:21:00,Aman,ab chal raha 😂
2315,2026-04-04 22:14:00,Vikram,kal lecture hai kya?
2316,2026-04-04 22:16:00,Riya,haan 9 baje
2317,2026-04-04 22:18:00,Rahul,notes bhej dena plss
2318,2026-04-04 22:20:00,Rahul,done
2319,2026-04-05 08:02:00,Rahul,internship form bhar diya?
2320,2026-04-05 08:04:00,Arjun,resume update krna hai
2321,2026-04-05 08:06:00,Arjun,I can review it tonight
2322,2026-04-05 08:08:00,Arjun,thanks yaar
2323,2026-04-05 11:15:00,Arjun,good morning
2324,2026-04-05 11:17:00,Aman,gym kaun aayega?
2325,2026-04-05 11:19:00,Aman,aaj rest day 😂
2326,2026-04-05 11:21:00,Riya,same
2327,2026-04-05 14:00:00,Neha,"Forwarded: heavy rain advisory, carry an umbrella"
2328,2026-04-05 14:02:00,Riya,baarish shuru
2329,2026-04-05 14:04:00,Aman,kapde andar le lo 😂
2330,2026-04-05 14:06:00,Aman,haan
2331,2026-04-05 17:07:00,Neha,lunch mein kya hai?
2332,2026-04-05 17:09:00,Vikram,rajma chawal
2333,2026-04-05 17:11:00,Rahul,nice
2334,2026-04-05 17:13:00,Priya,mere liye bhi rakhna
2335,2026-04-05 20:16:00,Vikram,weekend movie?
2336,2026-04-05 20:18:00,Rahul,comedy dekhte hain
2337,2026-04-05 20:20:00,Priya,popcorn meri taraf se
2338,2026-04-05 20:22:00,Aman,done
2339,2026-04-05 22:09:00,Simran,<document omitted>
2340,2026-04-05 22:11:00,Neha,ye maths worksheet hai
2341,2026-04-05 22:13:00,Arjun,thank you!
2342,2026-04-05 22:15:00,Rahul,kal solve karte
2343,2026-04-06 08:15:00,Neha,office se late niklunga
2344,2026-04-06 08:17:00,Riya,traffic bhot hai
2345,2026-04-06 08:19:00,Rahul,take care
2346,2026-04-06 08:21:00,Arjun,ghar pahunch ke ping kr
2347,2026-04-06 11:07:00,Riya,kal lecture hai kya?
2348,2026-04-06 11:09:00,Rahul,haan 9 baje
2349,2026-04-06 11:11:00,Riya,notes bhej dena plss
2350,2026-04-06 11:13:00,Aman,done
2351,2026-04-06 14:03:00,Neha,ye meme dekho 😂
2352,2026-04-06 14:05:00,Aman,<image omitted>
2353,2026-04-06 14:07:00,Arjun,😂
2354,2026-04-06 14:09:00,Vikram,bhai bas kar
2355,2026-04-06 17:19:00,Aman,chai peene aa rahe?
2356,2026-04-06 17:21:00,Priya,nhi yaar
2357,2026-04-06 17:23:00,Aman,canteen mein samosa bhi hai
2358,2026-04-06 17:25:00,Aman,acha
2359,2026-04-06 17:27:00,Priya,bas 5 min
2360,2026-04-06 20:14:00,Arjun,good morning
2361,2026-04-06 20:16:00,Priya,gym kaun aayega?
2362,2026-04-06 20:18:00,Vikram,aaj rest day 😂
2363,2026-04-06 20:20:00,Simran,same
2364,2026-04-06 22:06:00,Aman,assignment upload ho gaya?
2365,2026-04-06 22:08:00,Vikram,server busy aa raha
2366,2026-04-06 22:10:00,Arjun,try again after dinner
2367,2026-04-06 22:12:00,Priya,done
2368,2026-04-07 08:19:00,Rahul,library chalna hai
2369,2026-04-07 08:21:00,Arjun,seat milegi?
2370,2026-04-07 08:23:00,Priya,second floor khaali hai
2371,2026-04-07 08:25:00,Priya,aa rha
2372,2026-04-07 11:03:00,Priya,<document omitted>
2373,2026-04-07 11:05:00,Simran,ye maths worksheet hai
2374,2026-04-07 11:07:00,Riya,thank you!
2375,2026-04-07 11:09:00,Riya,kal solve karte
2376,2026-04-07 14:16:00,Riya,library chalna hai
2377,2026-04-07 14:18:00,Neha,seat milegi?
2378,2026-04-07 14:20:00,Arjun,second floor khaali hai
2379,2026-04-07 14:22:00,Vikram,aa rha
2380,2026-04-07 17:01:00,Simran,ye meme dekho 😂
2381,2026-04-07 17:03:00,Riya,<image omitted>
2382,2026-04-07 17:05:00,Simran,😂
2383,2026-04-07 17:07:00,Neha,bhai bas kar
2384,2026-04-07 20:00:00,Aman,lunch mein kya hai?
2385,2026-04-07 20:02:00,Priya,rajma chawal
2386,2026-04-07 20:04:00,Priya,nice
2387,2026-04-07 20:06:00,Simran,mere liye bhi rakhna
2388,2026-04-07 22:02:00,Priya,assignment upload ho gaya?
2389,2026-04-07 22:04:00,Priya,server busy aa raha
2390,2026-04-07 22:06:00,Vikram,try again after dinner
2391,2026-04-07 22:08:00,Riya,done
2392,2026-04-08 08:09:00,Vikram,phone ki battery dead
2393,2026-04-08 08:11:00,Simran,charger mere bag mein hai
2394,2026-04-08 08:13:00,Aman,mil gaya thnx
2395,2026-04-08 08:15:00,Priya,cool
2396,2026-04-08 11:01:00,Vikram,ye meme dekho 😂
2397,2026-04-08 11:03:00,Neha,<image omitted>
2398,2026-04-08 11:05:00,Neha,😂
2399,2026-04-08 11:07:00,Arjun,bhai bas kar
2400,2026-04-08 14:03:00,Aman,aaj match dekha?
2401,2026-04-08 14:05:00,Aman,last over kya tha 🔥
2402,2026-04-08 14:07:00,Rahul,haan
2403,2026-04-08 14:09:00,Rahul,<video omitted>
2404,2026-04-08 17:11:00,Simran,office se late niklunga
2405,2026-04-08 17:13:00,Vikram,traffic bhot hai
2406,2026-04-08 17:15:00,Priya,take care
2407,2026-04-08 17:17:00,Neha,ghar pahunch ke ping kr
2408,2026-04-08 20:05:00,Priya,office se late niklunga
2409,2026-04-08 20:07:00,Arjun,traffic bhot hai
2410,2026-04-08 20:09:00,Arjun,take care
2411,2026-04-08 20:11:00,Simran,ghar pahunch ke ping kr
2412,2026-04-08 22:12:00,Simran,library chalna hai
2413,2026-04-08 22:14:00,Arjun,seat milegi?
2414,2026-04-08 22:16:00,Rahul,second floor khaali hai
2415,2026-04-08 22:18:00,Priya,aa rha
2416,2026-04-09 08:01:00,Rahul,assignment upload ho gaya?
2417,2026-04-09 08:03:00,Priya,server busy aa raha
2418,2026-04-09 08:05:00,Arjun,try again after dinner
2419,2026-04-09 08:07:00,Simran,done
2420,2026-04-09 11:05:00,Arjun,phone ki battery dead
2421,2026-04-09 11:07:00,Neha,charger mere bag mein hai
2422,2026-04-09 11:09:00,Aman,mil gaya thnx
2423,2026-04-09 11:11:00,Rahul,cool
2424,2026-04-09 14:15:00,Priya,internship form bhar diya?
2425,2026-04-09 14:17:00,Arjun,resume update krna hai
2426,2026-04-09 14:19:00,Simran,I can review it tonight
2427,2026-04-09 14:21:00,Aman,thanks yaar
2428,2026-04-09 17:08:00,Neha,wifi fir se gaya 😭
2429,2026-04-09 17:10:00,Aman,router restart kr
2430,2026-04-09 17:12:00,Riya,kiya bhai
2431,2026-04-09 17:14:00,Neha,ab chal raha 😂
2432,2026-04-09 20:13:00,Riya,aaj match dekha?
2433,2026-04-09 20:15:00,Simran,last over kya tha 🔥
2434,2026-04-09 20:17:00,Neha,haan
2435,2026-04-09 20:19:00,Arjun,<video omitted>
2436,2026-04-09 22:17:00,Aman,assignment upload ho gaya?
2437,2026-04-09 22:19:00,Aman,server busy aa raha
2438,2026-04-09 22:21:00,Rahul,try again after dinner
2439,2026-04-09 22:23:00,Simran,done
2440,2026-04-10 08:05:00,Priya,internship form bhar diya?
2441,2026-04-10 08:07:00,Simran,resume update krna hai
2442,2026-04-10 08:09:00,Neha,I can review it tonight
2443,2026-04-10 08:11:00,Riya,thanks yaar
2444,2026-04-10 11:08:00,Aman,office se late niklunga
2445,2026-04-10 11:10:00,Riya,traffic bhot hai
2446,2026-04-10 11:12:00,Arjun,take care
2447,2026-04-10 11:14:00,Arjun,ghar pahunch ke ping kr
2448,2026-04-10 14:02:00,Simran,lunch mein kya hai?
2449,2026-04-10 14:04:00,Simran,rajma chawal
2450,2026-04-10 14:06:00,Simran,nice
2451,2026-04-10 14:08:00,Priya,mere liye bhi rakhna
2452,2026-04-10 17:14:00,Neha,internship form bhar diya?
2453,2026-04-10 17:16:00,Priya,resume update krna hai
2454,2026-04-10 17:18:00,Simran,I can review it tonight
2455,2026-04-10 17:20:00,Aman,thanks yaar
2456,2026-04-10 20:12:00,Arjun,aaj match dekha?
2457,2026-04-10 20:14:00,Aman,last over kya tha 🔥
2458,2026-04-10 20:16:00,Aman,haan
2459,2026-04-10 20:18:00,Priya,<video omitted>
2460,2026-04-10 22:16:00,Riya,<document omitted>
2461,2026-04-10 22:18:00,Simran,ye maths worksheet hai
2462,2026-04-10 22:20:00,Neha,thank you!
2463,2026-04-10 22:22:00,Neha,kal solve karte
2464,2026-04-11 08:07:00,Simran,chai peene aa rahe?
2465,2026-04-11 08:09:00,Neha,nhi yaar
2466,2026-04-11 08:11:00,Simran,canteen mein samosa bhi hai
2467,2026-04-11 08:13:00,Neha,acha
2468,2026-04-11 08:15:00,Simran,bas 5 min
2469,2026-04-11 11:03:00,Riya,aaj match dekha?
2470,2026-04-11 11:05:00,Aman,last over kya tha 🔥
2471,2026-04-11 11:07:00,Neha,haan
2472,2026-04-11 11:09:00,Neha,<video omitted>
2473,2026-04-11 14:17:00,Neha,<document omitted>
2474,2026-04-11 14:19:00,Priya,ye maths worksheet hai
2475,2026-04-11 14:21:00,Aman,thank you!
2476,2026-04-11 14:23:00,Rahul,kal solve karte
2477,2026-04-11 17:04:00,Arjun,internship form bhar diya?
2478,2026-04-11 17:06:00,Priya,resume update krna hai
2479,2026-04-11 17:08:00,Vikram,I can review it tonight
2480,2026-04-11 17:10:00,Riya,thanks yaar
2481,2026-04-11 20:03:00,Arjun,Forwarded: campus blood donation camp on Saturday
2482,2026-04-11 20:05:00,Riya,kahan pe?
2483,2026-04-11 20:07:00,Simran,main gate ke paas
2484,2026-04-11 20:09:00,Riya,okay
2485,2026-04-11 22:03:00,Arjun,office se late niklunga
2486,2026-04-11 22:05:00,Aman,traffic bhot hai
2487,2026-04-11 22:07:00,Priya,take care
2488,2026-04-11 22:09:00,Simran,ghar pahunch ke ping kr
2489,2026-04-12 08:18:00,Rahul,phone ki battery dead
2490,2026-04-12 08:20:00,Simran,charger mere bag mein hai
2491,2026-04-12 08:22:00,Aman,mil gaya thnx
2492,2026-04-12 08:24:00,Aman,cool
2493,2026-04-12 11:18:00,Simran,good morning
2494,2026-04-12 11:20:00,Rahul,gym kaun aayega?
2495,2026-04-12 11:22:00,Rahul,aaj rest day 😂
2496,2026-04-12 11:24:00,Rahul,same
2497,2026-04-12 14:12:00,Neha,aaj match dekha?
2498,2026-04-12 14:14:00,Arjun,last over kya tha 🔥
2499,2026-04-12 14:16:00,Arjun,haan
2500,2026-04-12 14:18:00,Riya,<video omitted>
2501,2026-04-12 17:12:00,Neha,library chalna hai
2502,2026-04-12 17:14:00,Vikram,seat milegi?
2503,2026-04-12 17:16:00,Simran,second floor khaali hai
2504,2026-04-12 17:18:00,Rahul,aa rha
2505,2026-04-12 18:00:00,Aman,ab rehne ka arrangement niptao
2506,2026-04-12 18:03:00,Priya,resort kaafi costly dikh raha
2507,2026-04-12 18:06:00,Rahul,homestay mein privacy issue hoga
2508,2026-04-12 18:09:00,Riya,hostel reviews decent hain
2509,2026-04-12 18:12:00,Priya,2500 se upar hua toh mai out hu
2510,2026-04-12 18:15:00,Neha,shared rooms chalega?
2511,2026-04-12 18:18:00,Arjun,breakfast included hona chahiye
2512,2026-04-12 18:21:00,Simran,ek jagah 3200 bol rahe
2513,2026-04-12 18:24:00,Vikram,utna nahi yaar
2514,2026-04-12 18:27:00,Aman,dusra option station ke paas hai
2515,2026-04-12 18:30:00,Riya,wahan bathrooms shared hain
2516,2026-04-12 18:33:00,Rahul,cleanliness reviews check karo
2517,2026-04-12 18:36:00,Neha,photos achhe hain but recent nahi
2518,2026-04-12 18:39:00,Arjun,owner se video mangwao
2519,2026-04-12 18:42:00,Simran,<video omitted>
2520,2026-04-12 18:45:00,Priya,ye theek lag raha
2521,2026-04-12 18:48:00,Vikram,locker milega kya?
2522,2026-04-12 18:51:00,Aman,haan locker aur hot water dono
2523,2026-04-12 18:54:00,Riya,advance kitna chahiye?
2524,2026-04-12 18:57:00,Rahul,aadha abhi baaki arrival pe
2525,2026-04-12 19:00:00,Neha,cancellation free hai 48 hours pehle
2526,2026-04-12 19:03:00,Arjun,breakfast bhi included confirm
2527,2026-04-12 19:06:00,Priya,extra charges toh nahi?
2528,2026-04-12 19:09:00,Aman,tax included hai
2529,2026-04-12 19:12:00,Vikram,toh kar do
2530,2026-04-12 19:15:00,Simran,final 2500 per person wala hostel book karte hain
2531,2026-04-12 19:18:00,Priya,haan
2532,2026-04-12 19:21:00,Rahul,payment kal karte hain
2533,2026-04-12 20:13:00,Vikram,assignment upload ho gaya?
2534,2026-04-12 20:15:00,Neha,server busy aa raha
2535,2026-04-12 20:17:00,Riya,try again after dinner
2536,2026-04-12 20:19:00,Riya,done
2537,2026-04-12 22:19:00,Vikram,Forwarded: campus blood donation camp on Saturday
2538,2026-04-12 22:21:00,Neha,kahan pe?
2539,2026-04-12 22:23:00,Rahul,main gate ke paas
2540,2026-04-12 22:25:00,Rahul,okay
2541,2026-04-13 08:03:00,Neha,office se late niklunga
2542,2026-04-13 08:05:00,Simran,traffic bhot hai
2543,2026-04-13 08:07:00,Arjun,take care
2544,2026-04-13 08:09:00,Vikram,ghar pahunch ke ping kr
2545,2026-04-13 11:00:00,Priya,good morning
2546,2026-04-13 11:02:00,Aman,gym kaun aayega?
2547,2026-04-13 11:04:00,Arjun,aaj rest day 😂
2548,2026-04-13 11:06:00,Rahul,same
2549,2026-04-13 14:01:00,Riya,chai peene aa rahe?
2550,2026-04-13 14:03:00,Vikram,nhi yaar
2551,2026-04-13 14:05:00,Rahul,canteen mein samosa bhi hai
2552,2026-04-13 14:07:00,Vikram,acha
2553,2026-04-13 14:09:00,Vikram,bas 5 min
2554,2026-04-13 17:01:00,Vikram,assignment upload ho gaya?
2555,2026-04-13 17:03:00,Riya,server busy aa raha
2556,2026-04-13 17:05:00,Aman,try again after dinner
2557,2026-04-13 17:07:00,Neha,done
2558,2026-04-13 20:03:00,Riya,phone ki battery dead
2559,2026-04-13 20:05:00,Arjun,charger mere bag mein hai
2560,2026-04-13 20:07:00,Riya,mil gaya thnx
2561,2026-04-13 20:09:00,Vikram,cool
2562,2026-04-13 22:12:00,Arjun,chai peene aa rahe?
2563,2026-04-13 22:14:00,Arjun,nhi yaar
2564,2026-04-13 22:16:00,Neha,canteen mein samosa bhi hai
2565,2026-04-13 22:18:00,Aman,acha
2566,2026-04-13 22:20:00,Aman,bas 5 min
2567,2026-04-14 08:06:00,Simran,library chalna hai
2568,2026-04-14 08:08:00,Riya,seat milegi?
2569,2026-04-14 08:10:00,Neha,second floor khaali hai
2570,2026-04-14 08:12:00,Riya,aa rha
2571,2026-04-14 11:09:00,Simran,Forwarded: campus blood donation camp on Saturday
2572,2026-04-14 11:11:00,Rahul,kahan pe?
2573,2026-04-14 11:13:00,Priya,main gate ke paas
2574,2026-04-14 11:15:00,Rahul,okay
2575,2026-04-14 14:16:00,Priya,ye meme dekho 😂
2576,2026-04-14 14:18:00,Arjun,<image omitted>
2577,2026-04-14 14:20:00,Aman,😂
2578,2026-04-14 14:22:00,Arjun,bhai bas kar
2579,2026-04-14 17:17:00,Vikram,library chalna hai
2580,2026-04-14 17:19:00,Rahul,seat milegi?
2581,2026-04-14 17:21:00,Rahul,second floor khaali hai
2582,2026-04-14 17:23:00,Vikram,aa rha
2583,2026-04-14 20:10:00,Simran,kal lecture hai kya?
2584,2026-04-14 20:12:00,Rahul,haan 9 baje
2585,2026-04-14 20:14:00,Aman,notes bhej dena plss
2586,2026-04-14 20:16:00,Rahul,done
2587,2026-04-14 22:19:00,Aman,office se late niklunga
2588,2026-04-14 22:21:00,Vikram,traffic bhot hai
2589,2026-04-14 22:23:00,Simran,take care
2590,2026-04-14 22:25:00,Neha,ghar pahunch ke ping kr
2591,2026-04-15 08:10:00,Riya,wifi fir se gaya 😭
2592,2026-04-15 08:12:00,Rahul,router restart kr
2593,2026-04-15 08:14:00,Priya,kiya bhai
2594,2026-04-15 08:16:00,Rahul,ab chal raha 😂
2595,2026-04-15 11:17:00,Arjun,good morning
2596,2026-04-15 11:19:00,Priya,gym kaun aayega?
2597,2026-04-15 11:21:00,Neha,aaj rest day 😂
2598,2026-04-15 11:23:00,Riya,same
2599,2026-04-15 14:10:00,Neha,Forwarded: campus blood donation camp on Saturday
2600,2026-04-15 14:12:00,Neha,kahan pe?
2601,2026-04-15 14:14:00,Vikram,main gate ke paas
2602,2026-04-15 14:16:00,Riya,okay
2603,2026-04-15 17:17:00,Aman,internship form bhar diya?
2604,2026-04-15 17:19:00,Priya,resume update krna hai
2605,2026-04-15 17:21:00,Neha,I can review it tonight
2606,2026-04-15 17:23:00,Simran,thanks yaar
2607,2026-04-15 20:19:00,Riya,lunch mein kya hai?
2608,2026-04-15 20:21:00,Aman,rajma chawal
2609,2026-04-15 20:23:00,Neha,nice
2610,2026-04-15 20:25:00,Arjun,mere liye bhi rakhna
2611,2026-04-15 22:12:00,Vikram,aaj match dekha?
2612,2026-04-15 22:14:00,Vikram,last over kya tha 🔥
2613,2026-04-15 22:16:00,Aman,haan
2614,2026-04-15 22:18:00,Neha,<video omitted>
2615,2026-04-16 08:15:00,Aman,phone ki battery dead
2616,2026-04-16 08:17:00,Vikram,charger mere bag mein hai
2617,2026-04-16 08:19:00,Riya,mil gaya thnx
2618,2026-04-16 08:21:00,Neha,cool
2619,2026-04-16 11:03:00,Rahul,wifi fir se gaya 😭
2620,2026-04-16 11:05:00,Aman,router restart kr
2621,2026-04-16 11:07:00,Priya,kiya bhai
2622,2026-04-16 11:09:00,Riya,ab chal raha 😂
2623,2026-04-16 14:13:00,Priya,Forwarded: campus blood donation camp on Saturday
2624,2026-04-16 14:15:00,Riya,kahan pe?
2625,2026-04-16 14:17:00,Arjun,main gate ke paas
2626,2026-04-16 14:19:00,Priya,okay
2627,2026-04-16 17:00:00,Simran,assignment upload ho gaya?
2628,2026-04-16 17:02:00,Neha,server busy aa raha
2629,2026-04-16 17:04:00,Aman,try again after dinner
2630,2026-04-16 17:06:00,Priya,done
2631,2026-04-16 20:01:00,Rahul,wifi fir se gaya 😭
2632,2026-04-16 20:03:00,Vikram,router restart kr
2633,2026-04-16 20:05:00,Priya,kiya bhai
2634,2026-04-16 20:07:00,Riya,ab chal raha 😂
2635,2026-04-16 22:13:00,Arjun,library chalna hai
2636,2026-04-16 22:15:00,Simran,seat milegi?
2637,2026-04-16 22:17:00,Arjun,second floor khaali hai
2638,2026-04-16 22:19:00,Arjun,aa rha
2639,2026-04-17 08:00:00,Arjun,office se late niklunga
2640,2026-04-17 08:02:00,Priya,traffic bhot hai
2641,2026-04-17 08:04:00,Aman,take care
2642,2026-04-17 08:06:00,Priya,ghar pahunch ke ping kr
2643,2026-04-17 11:02:00,Neha,chai peene aa rahe?
2644,2026-04-17 11:04:00,Priya,nhi yaar
2645,2026-04-17 11:06:00,Vikram,canteen mein samosa bhi hai
2646,2026-04-17 11:08:00,Vikram,acha
2647,2026-04-17 11:10:00,Priya,bas 5 min
2648,2026-04-17 14:14:00,Arjun,<document omitted>
2649,2026-04-17 14:16:00,Arjun,ye maths worksheet hai
2650,2026-04-17 14:18:00,Aman,thank you!
2651,2026-04-17 14:20:00,Simran,kal solve karte
2652,2026-04-17 17:17:00,Riya,ye meme dekho 😂
2653,2026-04-17 17:19:00,Rahul,<image omitted>
2654,2026-04-17 17:21:00,Arjun,😂
2655,2026-04-17 17:23:00,Vikram,bhai bas kar
2656,2026-04-17 20:09:00,Neha,assignment upload ho gaya?
2657,2026-04-17 20:11:00,Aman,server busy aa raha
2658,2026-04-17 20:13:00,Rahul,try again after dinner
2659,2026-04-17 20:15:00,Priya,done
2660,2026-04-17 22:00:00,Arjun,chai peene aa rahe?
2661,2026-04-17 22:02:00,Priya,nhi yaar
2662,2026-04-17 22:04:00,Vikram,canteen mein samosa bhi hai
2663,2026-04-17 22:06:00,Riya,acha
2664,2026-04-17 22:08:00,Neha,bas 5 min
2665,2026-04-18 08:13:00,Rahul,Forwarded: campus blood donation camp on Saturday
2666,2026-04-18 08:15:00,Rahul,kahan pe?
2667,2026-04-18 08:17:00,Rahul,main gate ke paas
2668,2026-04-18 08:19:00,Riya,okay
2669,2026-04-18 11:06:00,Priya,library chalna hai
2670,2026-04-18 11:08:00,Rahul,seat milegi?
2671,2026-04-18 11:10:00,Aman,second floor khaali hai
2672,2026-04-18 11:12:00,Simran,aa rha
2673,2026-04-18 14:09:00,Priya,wifi fir se gaya 😭
2674,2026-04-18 14:11:00,Vikram,router restart kr
2675,2026-04-18 14:13:00,Priya,kiya bhai
2676,2026-04-18 14:15:00,Riya,ab chal raha 😂
2677,2026-04-18 17:10:00,Neha,internship form bhar diya?
2678,2026-04-18 17:12:00,Rahul,resume update krna hai
2679,2026-04-18 17:14:00,Riya,I can review it tonight
2680,2026-04-18 17:16:00,Priya,thanks yaar
2681,2026-04-18 20:19:00,Priya,<document omitted>
2682,2026-04-18 20:21:00,Riya,ye maths worksheet hai
2683,2026-04-18 20:23:00,Neha,thank you!
2684,2026-04-18 20:25:00,Simran,kal solve karte
2685,2026-04-18 22:10:00,Vikram,phone ki battery dead
2686,2026-04-18 22:12:00,Rahul,charger mere bag mein hai
2687,2026-04-18 22:14:00,Neha,mil gaya thnx
2688,2026-04-18 22:16:00,Neha,cool
2689,2026-04-19 08:05:00,Aman,good morning
2690,2026-04-19 08:07:00,Neha,gym kaun aayega?
2691,2026-04-19 08:09:00,Riya,aaj rest day 😂
2692,2026-04-19 08:11:00,Riya,same
2693,2026-04-19 11:08:00,Neha,good morning
2694,2026-04-19 11:10:00,Rahul,gym kaun aayega?
2695,2026-04-19 11:12:00,Neha,aaj rest day 😂
2696,2026-04-19 11:14:00,Simran,same
2697,2026-04-19 14:14:00,Neha,phone ki battery dead
2698,2026-04-19 14:16:00,Vikram,charger mere bag mein hai
2699,2026-04-19 14:18:00,Simran,mil gaya thnx
2700,2026-04-19 14:20:00,Priya,cool
2701,2026-04-19 17:19:00,Priya,ye meme dekho 😂
2702,2026-04-19 17:21:00,Vikram,<image omitted>
2703,2026-04-19 17:23:00,Rahul,😂
2704,2026-04-19 17:25:00,Riya,bhai bas kar
2705,2026-04-19 20:02:00,Priya,library chalna hai
2706,2026-04-19 20:04:00,Aman,seat milegi?
2707,2026-04-19 20:06:00,Aman,second floor khaali hai
2708,2026-04-19 20:08:00,Arjun,aa rha
2709,2026-04-19 22:01:00,Vikram,Forwarded: campus blood donation camp on Saturday
2710,2026-04-19 22:03:00,Simran,kahan pe?
2711,2026-04-19 22:05:00,Rahul,main gate ke paas
2712,2026-04-19 22:07:00,Neha,okay
2713,2026-04-20 08:07:00,Vikram,weekend movie?
2714,2026-04-20 08:09:00,Rahul,comedy dekhte hain
2715,2026-04-20 08:11:00,Simran,popcorn meri taraf se
2716,2026-04-20 08:13:00,Priya,done
2717,2026-04-20 11:11:00,Aman,weekend movie?
2718,2026-04-20 11:13:00,Riya,comedy dekhte hain
2719,2026-04-20 11:15:00,Rahul,popcorn meri taraf se
2720,2026-04-20 11:17:00,Rahul,done
2721,2026-04-20 14:05:00,Rahul,phone ki battery dead
2722,2026-04-20 14:07:00,Rahul,charger mere bag mein hai
2723,2026-04-20 14:09:00,Simran,mil gaya thnx
2724,2026-04-20 14:11:00,Neha,cool
2725,2026-04-20 17:07:00,Simran,chai peene aa rahe?
2726,2026-04-20 17:09:00,Riya,nhi yaar
2727,2026-04-20 17:11:00,Priya,canteen mein samosa bhi hai
2728,2026-04-20 17:13:00,Vikram,acha
2729,2026-04-20 17:15:00,Neha,bas 5 min
2730,2026-04-20 20:01:00,Riya,lunch mein kya hai?
2731,2026-04-20 20:03:00,Neha,rajma chawal
2732,2026-04-20 20:05:00,Arjun,nice
2733,2026-04-20 20:07:00,Simran,mere liye bhi rakhna
2734,2026-04-20 22:01:00,Aman,phone ki battery dead
2735,2026-04-20 22:03:00,Neha,charger mere bag mein hai
2736,2026-04-20 22:05:00,Priya,mil gaya thnx
2737,2026-04-20 22:07:00,Vikram,cool
2738,2026-04-21 08:18:00,Rahul,library chalna hai
2739,2026-04-21 08:20:00,Arjun,seat milegi?
2740,2026-04-21 08:22:00,Arjun,second floor khaali hai
2741,2026-04-21 08:24:00,Neha,aa rha
2742,2026-04-21 11:16:00,Vikram,wifi fir se gaya 😭
2743,2026-04-21 11:18:00,Arjun,router restart kr
2744,2026-04-21 11:20:00,Riya,kiya bhai
2745,2026-04-21 11:22:00,Arjun,ab chal raha 😂
2746,2026-04-21 14:11:00,Simran,"Forwarded: heavy rain advisory, carry an umbrella"
2747,2026-04-21 14:13:00,Simran,baarish shuru
2748,2026-04-21 14:15:00,Aman,kapde andar le lo 😂
2749,2026-04-21 14:17:00,Rahul,haan
2750,2026-04-21 17:05:00,Riya,phone ki battery dead
2751,2026-04-21 17:07:00,Priya,charger mere bag mein hai
2752,2026-04-21 17:09:00,Vikram,mil gaya thnx
2753,2026-04-21 17:11:00,Riya,cool
2754,2026-04-21 20:05:00,Rahul,assignment upload ho gaya?
2755,2026-04-21 20:07:00,Neha,server busy aa raha
2756,2026-04-21 20:09:00,Priya,try again after dinner
2757,2026-04-21 20:11:00,Riya,done
2758,2026-04-21 22:10:00,Priya,good morning
2759,2026-04-21 22:12:00,Simran,gym kaun aayega?
2760,2026-04-21 22:14:00,Simran,aaj rest day 😂
2761,2026-04-21 22:16:00,Simran,same
2762,2026-04-22 08:18:00,Rahul,Forwarded: campus blood donation camp on Saturday
2763,2026-04-22 08:20:00,Arjun,kahan pe?
2764,2026-04-22 08:22:00,Aman,main gate ke paas
2765,2026-04-22 08:24:00,Riya,okay
2766,2026-04-22 11:04:00,Rahul,chai peene aa rahe?
2767,2026-04-22 11:06:00,Rahul,nhi yaar
2768,2026-04-22 11:08:00,Aman,canteen mein samosa bhi hai
2769,2026-04-22 11:10:00,Rahul,acha
2770,2026-04-22 11:12:00,Aman,bas 5 min
2771,2026-04-22 14:08:00,Rahul,ye meme dekho 😂
2772,2026-04-22 14:10:00,Arjun,<image omitted>
2773,2026-04-22 14:12:00,Aman,😂
2774,2026-04-22 14:14:00,Vikram,bhai bas kar
2775,2026-04-22 17:06:00,Simran,wifi fir se gaya 😭
2776,2026-04-22 17:08:00,Simran,router restart kr
2777,2026-04-22 17:10:00,Simran,kiya bhai
2778,2026-04-22 17:12:00,Rahul,ab chal raha 😂
2779,2026-04-22 20:13:00,Rahul,lunch mein kya hai?
2780,2026-04-22 20:15:00,Rahul,rajma chawal
2781,2026-04-22 20:17:00,Vikram,nice
2782,2026-04-22 20:19:00,Rahul,mere liye bhi rakhna
2783,2026-04-22 22:14:00,Priya,office se late niklunga
2784,2026-04-22 22:16:00,Riya,traffic bhot hai
2785,2026-04-22 22:18:00,Arjun,take care
2786,2026-04-22 22:20:00,Arjun,ghar pahunch ke ping kr
2787,2026-04-23 08:03:00,Aman,assignment upload ho gaya?
2788,2026-04-23 08:05:00,Riya,server busy aa raha
2789,2026-04-23 08:07:00,Arjun,try again after dinner
2790,2026-04-23 08:09:00,Rahul,done
2791,2026-04-23 11:05:00,Simran,aaj match dekha?
2792,2026-04-23 11:07:00,Aman,last over kya tha 🔥
2793,2026-04-23 11:09:00,Priya,haan
2794,2026-04-23 11:11:00,Priya,<video omitted>
2795,2026-04-23 14:04:00,Aman,internship form bhar diya?
2796,2026-04-23 14:06:00,Arjun,resume update krna hai
2797,2026-04-23 14:08:00,Arjun,I can review it tonight
2798,2026-04-23 14:10:00,Neha,thanks yaar
2799,2026-04-23 17:16:00,Arjun,chai peene aa rahe?
2800,2026-04-23 17:18:00,Riya,nhi yaar
2801,2026-04-23 17:20:00,Simran,canteen mein samosa bhi hai
2802,2026-04-23 17:22:00,Arjun,acha
2803,2026-04-23 17:24:00,Neha,bas 5 min
2804,2026-04-23 20:13:00,Rahul,aaj match dekha?
2805,2026-04-23 20:15:00,Vikram,last over kya tha 🔥
2806,2026-04-23 20:17:00,Simran,haan
2807,2026-04-23 20:19:00,Riya,<video omitted>
2808,2026-04-23 22:09:00,Arjun,wifi fir se gaya 😭
2809,2026-04-23 22:11:00,Vikram,router restart kr
2810,2026-04-23 22:13:00,Riya,kiya bhai
2811,2026-04-23 22:15:00,Aman,ab chal raha 😂
2812,2026-04-24 08:18:00,Priya,kal lecture hai kya?
2813,2026-04-24 08:20:00,Aman,haan 9 baje
2814,2026-04-24 08:22:00,Arjun,notes bhej dena plss
2815,2026-04-24 08:24:00,Riya,done
2816,2026-04-24 11:13:00,Neha,office se late niklunga
2817,2026-04-24 11:15:00,Priya,traffic bhot hai
2818,2026-04-24 11:17:00,Rahul,take care
2819,2026-04-24 11:19:00,Arjun,ghar pahunch ke ping kr
2820,2026-04-24 14:08:00,Arjun,library chalna hai
2821,2026-04-24 14:10:00,Neha,seat milegi?
2822,2026-04-24 14:12:00,Vikram,second floor khaali hai
2823,2026-04-24 14:14:00,Arjun,aa rha
2824,2026-04-24 17:13:00,Simran,Forwarded: campus blood donation camp on Saturday
2825,2026-04-24 17:15:00,Rahul,kahan pe?
2826,2026-04-24 17:17:00,Neha,main gate ke paas
2827,2026-04-24 17:19:00,Simran,okay
2828,2026-04-24 20:09:00,Neha,library chalna hai
2829,2026-04-24 20:11:00,Arjun,seat milegi?
2830,2026-04-24 20:13:00,Rahul,second floor khaali hai
2831,2026-04-24 20:15:00,Priya,aa rha
2832,2026-04-24 22:14:00,Rahul,lunch mein kya hai?
2833,2026-04-24 22:16:00,Priya,rajma chawal
2834,2026-04-24 22:18:00,Riya,nice
2835,2026-04-24 22:20:00,Arjun,mere liye bhi rakhna
2836,2026-04-25 08:17:00,Aman,office se late niklunga
2837,2026-04-25 08:19:00,Rahul,traffic bhot hai
2838,2026-04-25 08:21:00,Arjun,take care
2839,2026-04-25 08:23:00,Aman,ghar pahunch ke ping kr
2840,2026-04-25 11:04:00,Simran,wifi fir se gaya 😭
2841,2026-04-25 11:06:00,Arjun,router restart kr
2842,2026-04-25 11:08:00,Priya,kiya bhai
2843,2026-04-25 11:10:00,Priya,ab chal raha 😂
2844,2026-04-25 14:07:00,Neha,library chalna hai
2845,2026-04-25 14:09:00,Priya,seat milegi?
2846,2026-04-25 14:11:00,Aman,second floor khaali hai
2847,2026-04-25 14:13:00,Arjun,aa rha
2848,2026-04-25 17:19:00,Vikram,weekend movie?
2849,2026-04-25 17:21:00,Aman,comedy dekhte hain
2850,2026-04-25 17:23:00,Rahul,popcorn meri taraf se
2851,2026-04-25 17:25:00,Simran,done
2852,2026-04-25 20:00:00,Riya,phone ki battery dead
2853,2026-04-25 20:02:00,Vikram,charger mere bag mein hai
2854,2026-04-25 20:04:00,Riya,mil gaya thnx
2855,2026-04-25 20:06:00,Aman,cool
2856,2026-04-25 22:19:00,Rahul,lunch mein kya hai?
2857,2026-04-25 22:21:00,Aman,rajma chawal
2858,2026-04-25 22:23:00,Neha,nice
2859,2026-04-25 22:25:00,Riya,mere liye bhi rakhna
2860,2026-04-26 08:05:00,Priya,kal lecture hai kya?
2861,2026-04-26 08:07:00,Vikram,haan 9 baje
2862,2026-04-26 08:09:00,Arjun,notes bhej dena plss
2863,2026-04-26 08:11:00,Neha,done
2864,2026-04-26 11:12:00,Riya,weekend movie?
2865,2026-04-26 11:14:00,Aman,comedy dekhte hain
2866,2026-04-26 11:16:00,Priya,popcorn meri taraf se
2867,2026-04-26 11:18:00,Priya,done
2868,2026-04-26 14:17:00,Neha,<document omitted>
2869,2026-04-26 14:19:00,Neha,ye maths worksheet hai
2870,2026-04-26 14:21:00,Vikram,thank you!
2871,2026-04-26 14:23:00,Riya,kal solve karte
2872,2026-04-26 17:14:00,Arjun,Forwarded: campus blood donation camp on Saturday
2873,2026-04-26 17:16:00,Aman,kahan pe?
2874,2026-04-26 17:18:00,Vikram,main gate ke paas
2875,2026-04-26 17:20:00,Rahul,okay
2876,2026-04-26 20:16:00,Priya,good morning
2877,2026-04-26 20:18:00,Priya,gym kaun aayega?
2878,2026-04-26 20:20:00,Vikram,aaj rest day 😂
2879,2026-04-26 20:22:00,Neha,same
2880,2026-04-26 22:16:00,Vikram,aaj match dekha?
2881,2026-04-26 22:18:00,Vikram,last over kya tha 🔥
2882,2026-04-26 22:20:00,Simran,haan
2883,2026-04-26 22:22:00,Arjun,<video omitted>
2884,2026-04-27 08:07:00,Neha,internship form bhar diya?
2885,2026-04-27 08:09:00,Simran,resume update krna hai
2886,2026-04-27 08:11:00,Simran,I can review it tonight
2887,2026-04-27 08:13:00,Aman,thanks yaar
2888,2026-04-27 11:03:00,Vikram,internship form bhar diya?
2889,2026-04-27 11:05:00,Priya,resume update krna hai
2890,2026-04-27 11:07:00,Arjun,I can review it tonight
2891,2026-04-27 11:09:00,Riya,thanks yaar
2892,2026-04-27 14:10:00,Arjun,lunch mein kya hai?
2893,2026-04-27 14:12:00,Neha,rajma chawal
2894,2026-04-27 14:14:00,Aman,nice
2895,2026-04-27 14:16:00,Vikram,mere liye bhi rakhna
2896,2026-04-27 17:09:00,Priya,lunch mein kya hai?
2897,2026-04-27 17:11:00,Arjun,rajma chawal
2898,2026-04-27 17:13:00,Neha,nice
2899,2026-04-27 17:15:00,Priya,mere liye bhi rakhna
2900,2026-04-27 20:15:00,Neha,ye meme dekho 😂
2901,2026-04-27 20:17:00,Neha,<image omitted>
2902,2026-04-27 20:19:00,Riya,😂
2903,2026-04-27 20:21:00,Vikram,bhai bas kar
2904,2026-04-27 22:06:00,Simran,ye meme dekho 😂
2905,2026-04-27 22:08:00,Riya,<image omitted>
2906,2026-04-27 22:10:00,Riya,😂
2907,2026-04-27 22:12:00,Riya,bhai bas kar
2908,2026-04-28 08:06:00,Riya,library chalna hai
2909,2026-04-28 08:08:00,Riya,seat milegi?
2910,2026-04-28 08:10:00,Riya,second floor khaali hai
2911,2026-04-28 08:12:00,Neha,aa rha
2912,2026-04-28 11:03:00,Priya,assignment upload ho gaya?
2913,2026-04-28 11:05:00,Priya,server busy aa raha
2914,2026-04-28 11:07:00,Simran,try again after dinner
2915,2026-04-28 11:09:00,Aman,done
2916,2026-04-28 14:15:00,Neha,chai peene aa rahe?
2917,2026-04-28 14:17:00,Neha,nhi yaar
2918,2026-04-28 14:19:00,Simran,canteen mein samosa bhi hai
2919,2026-04-28 14:21:00,Vikram,acha
2920,2026-04-28 14:23:00,Simran,bas 5 min
2921,2026-04-28 17:16:00,Vikram,ye meme dekho 😂
2922,2026-04-28 17:18:00,Arjun,<image omitted>
2923,2026-04-28 17:20:00,Riya,😂
2924,2026-04-28 17:22:00,Rahul,bhai bas kar
2925,2026-04-28 20:16:00,Arjun,chai peene aa rahe?
2926,2026-04-28 20:18:00,Simran,nhi yaar
2927,2026-04-28 20:20:00,Aman,canteen mein samosa bhi hai
2928,2026-04-28 20:22:00,Neha,acha
2929,2026-04-28 20:24:00,Arjun,bas 5 min
2930,2026-04-28 22:14:00,Priya,ye meme dekho 😂
2931,2026-04-28 22:16:00,Simran,<image omitted>
2932,2026-04-28 22:18:00,Neha,😂
2933,2026-04-28 22:20:00,Aman,bhai bas kar
2934,2026-04-29 08:06:00,Arjun,kal lecture hai kya?
2935,2026-04-29 08:08:00,Priya,haan 9 baje
2936,2026-04-29 08:10:00,Neha,notes bhej dena plss
2937,2026-04-29 08:12:00,Neha,done
2938,2026-04-29 11:05:00,Vikram,library chalna hai
2939,2026-04-29 11:07:00,Riya,seat milegi?
2940,2026-04-29 11:09:00,Vikram,second floor khaali hai
2941,2026-04-29 11:11:00,Simran,aa rha
2942,2026-04-29 14:11:00,Rahul,office se late niklunga
2943,2026-04-29 14:13:00,Simran,traffic bhot hai
2944,2026-04-29 14:15:00,Arjun,take care
2945,2026-04-29 14:17:00,Riya,ghar pahunch ke ping kr
2946,2026-04-29 17:11:00,Neha,good morning
2947,2026-04-29 17:13:00,Arjun,gym kaun aayega?
2948,2026-04-29 17:15:00,Vikram,aaj rest day 😂
2949,2026-04-29 17:17:00,Simran,same
2950,2026-04-29 20:18:00,Rahul,ye meme dekho 😂
2951,2026-04-29 20:20:00,Riya,<image omitted>
2952,2026-04-29 20:22:00,Priya,😂
2953,2026-04-29 20:24:00,Vikram,bhai bas kar
2954,2026-04-29 22:17:00,Arjun,lunch mein kya hai?
2955,2026-04-29 22:19:00,Arjun,rajma chawal
2956,2026-04-29 22:21:00,Riya,nice
2957,2026-04-29 22:23:00,Rahul,mere liye bhi rakhna
2958,2026-04-30 08:15:00,Aman,assignment upload ho gaya?
2959,2026-04-30 08:17:00,Rahul,server busy aa raha
2960,2026-04-30 08:19:00,Arjun,try again after dinner
2961,2026-04-30 08:21:00,Simran,done
2962,2026-04-30 11:16:00,Neha,assignment upload ho gaya?
2963,2026-04-30 11:18:00,Simran,server busy aa raha
2964,2026-04-30 11:20:00,Vikram,try again after dinner
2965,2026-04-30 11:22:00,Vikram,done
2966,2026-04-30 14:12:00,Priya,chai peene aa rahe?
2967,2026-04-30 14:14:00,Rahul,nhi yaar
2968,2026-04-30 14:16:00,Aman,canteen mein samosa bhi hai
2969,2026-04-30 14:18:00,Riya,acha
2970,2026-04-30 14:20:00,Vikram,bas 5 min
2971,2026-04-30 17:03:00,Simran,internship form bhar diya?
2972,2026-04-30 17:05:00,Neha,resume update krna hai
2973,2026-04-30 17:07:00,Vikram,I can review it tonight
2974,2026-04-30 17:09:00,Neha,thanks yaar
2975,2026-04-30 20:17:00,Vikram,"Forwarded: heavy rain advisory, carry an umbrella"
2976,2026-04-30 20:19:00,Neha,baarish shuru
2977,2026-04-30 20:21:00,Aman,kapde andar le lo 😂
2978,2026-04-30 20:23:00,Arjun,haan
2979,2026-04-30 22:11:00,Riya,aaj match dekha?
2980,2026-04-30 22:13:00,Rahul,last over kya tha 🔥
2981,2026-04-30 22:15:00,Vikram,haan
2982,2026-04-30 22:17:00,Neha,<video omitted>
2983,2026-05-01 08:16:00,Simran,office se late niklunga
2984,2026-05-01 08:18:00,Simran,traffic bhot hai
2985,2026-05-01 08:20:00,Priya,take care
2986,2026-05-01 08:22:00,Arjun,ghar pahunch ke ping kr
2987,2026-05-01 11:14:00,Rahul,<document omitted>
2988,2026-05-01 11:16:00,Rahul,ye maths worksheet hai
2989,2026-05-01 11:18:00,Neha,thank you!
2990,2026-05-01 11:20:00,Arjun,kal solve karte
2991,2026-05-01 14:02:00,Priya,weekend movie?
2992,2026-05-01 14:04:00,Rahul,comedy dekhte hain
2993,2026-05-01 14:06:00,Neha,popcorn meri taraf se
2994,2026-05-01 14:08:00,Riya,done
2995,2026-05-01 17:10:00,Vikram,office se late niklunga
2996,2026-05-01 17:12:00,Vikram,traffic bhot hai
2997,2026-05-01 17:14:00,Arjun,take care
2998,2026-05-01 17:16:00,Vikram,ghar pahunch ke ping kr
2999,2026-05-01 20:11:00,Simran,phone ki battery dead
3000,2026-05-01 20:13:00,Arjun,charger mere bag mein hai
3001,2026-05-01 20:15:00,Rahul,mil gaya thnx
3002,2026-05-01 20:17:00,Rahul,cool
3003,2026-05-01 22:04:00,Riya,kal lecture hai kya?
3004,2026-05-01 22:06:00,Vikram,haan 9 baje
3005,2026-05-01 22:08:00,Priya,notes bhej dena plss
3006,2026-05-01 22:10:00,Riya,done
3007,2026-05-02 08:12:00,Priya,ye meme dekho 😂
3008,2026-05-02 08:14:00,Priya,<image omitted>
3009,2026-05-02 08:16:00,Priya,😂
3010,2026-05-02 08:18:00,Simran,bhai bas kar
3011,2026-05-02 11:00:00,Arjun,chai peene aa rahe?
3012,2026-05-02 11:02:00,Priya,nhi yaar
3013,2026-05-02 11:04:00,Priya,canteen mein samosa bhi hai
3014,2026-05-02 11:06:00,Vikram,acha
3015,2026-05-02 11:08:00,Rahul,bas 5 min
3016,2026-05-02 14:12:00,Vikram,wifi fir se gaya 😭
3017,2026-05-02 14:14:00,Riya,router restart kr
3018,2026-05-02 14:16:00,Riya,kiya bhai
3019,2026-05-02 14:18:00,Vikram,ab chal raha 😂
3020,2026-05-02 17:04:00,Rahul,phone ki battery dead
3021,2026-05-02 17:06:00,Rahul,charger mere bag mein hai
3022,2026-05-02 17:08:00,Aman,mil gaya thnx
3023,2026-05-02 17:10:00,Aman,cool
3024,2026-05-02 20:10:00,Simran,"Forwarded: heavy rain advisory, carry an umbrella"
3025,2026-05-02 20:12:00,Simran,baarish shuru
3026,2026-05-02 20:14:00,Vikram,kapde andar le lo 😂
3027,2026-05-02 20:16:00,Simran,haan
3028,2026-05-02 22:17:00,Rahul,assignment upload ho gaya?
3029,2026-05-02 22:19:00,Simran,server busy aa raha
3030,2026-05-02 22:21:00,Arjun,try again after dinner
3031,2026-05-02 22:23:00,Vikram,done
3032,2026-05-03 08:15:00,Riya,"Forwarded: heavy rain advisory, carry an umbrella"
3033,2026-05-03 08:17:00,Priya,baarish shuru
3034,2026-05-03 08:19:00,Simran,kapde andar le lo 😂
3035,2026-05-03 08:21:00,Vikram,haan
3036,2026-05-03 11:13:00,Vikram,"Forwarded: heavy rain advisory, carry an umbrella"
3037,2026-05-03 11:15:00,Rahul,baarish shuru
3038,2026-05-03 11:17:00,Vikram,kapde andar le lo 😂
3039,2026-05-03 11:19:00,Aman,haan
3040,2026-05-03 14:16:00,Rahul,kal lecture hai kya?
3041,2026-05-03 14:18:00,Neha,haan 9 baje
3042,2026-05-03 14:20:00,Vikram,notes bhej dena plss
3043,2026-05-03 14:22:00,Simran,done
3044,2026-05-03 17:15:00,Simran,kal lecture hai kya?
3045,2026-05-03 17:17:00,Vikram,haan 9 baje
3046,2026-05-03 17:19:00,Aman,notes bhej dena plss
3047,2026-05-03 17:21:00,Arjun,done
3048,2026-05-03 20:19:00,Riya,<document omitted>
3049,2026-05-03 20:21:00,Aman,ye maths worksheet hai
3050,2026-05-03 20:23:00,Neha,thank you!
3051,2026-05-03 20:25:00,Riya,kal solve karte
3052,2026-05-03 22:17:00,Arjun,good morning
3053,2026-05-03 22:19:00,Arjun,gym kaun aayega?
3054,2026-05-03 22:21:00,Riya,aaj rest day 😂
3055,2026-05-03 22:23:00,Rahul,same
3056,2026-05-04 08:12:00,Riya,weekend movie?
3057,2026-05-04 08:14:00,Vikram,comedy dekhte hain
3058,2026-05-04 08:16:00,Priya,popcorn meri taraf se
3059,2026-05-04 08:18:00,Arjun,done
3060,2026-05-04 11:16:00,Vikram,lunch mein kya hai?
3061,2026-05-04 11:18:00,Vikram,rajma chawal
3062,2026-05-04 11:20:00,Vikram,nice
3063,2026-05-04 11:22:00,Arjun,mere liye bhi rakhna
3064,2026-05-04 14:02:00,Rahul,Forwarded: campus blood donation camp on Saturday
3065,2026-05-04 14:04:00,Rahul,kahan pe?
3066,2026-05-04 14:06:00,Vikram,main gate ke paas
3067,2026-05-04 14:08:00,Priya,okay
3068,2026-05-04 17:19:00,Simran,phone ki battery dead
3069,2026-05-04 17:21:00,Vikram,charger mere bag mein hai
3070,2026-05-04 17:23:00,Simran,mil gaya thnx
3071,2026-05-04 17:25:00,Riya,cool
3072,2026-05-04 20:00:00,Rahul,office se late niklunga
3073,2026-05-04 20:02:00,Aman,traffic bhot hai
3074,2026-05-04 20:04:00,Aman,take care
3075,2026-05-04 20:06:00,Rahul,ghar pahunch ke ping kr
3076,2026-05-04 22:09:00,Vikram,aaj match dekha?
3077,2026-05-04 22:11:00,Rahul,last over kya tha 🔥
3078,2026-05-04 22:13:00,Simran,haan
3079,2026-05-04 22:15:00,Aman,<video omitted>
3080,2026-05-05 08:02:00,Rahul,lunch mein kya hai?
3081,2026-05-05 08:04:00,Aman,rajma chawal
3082,2026-05-05 08:06:00,Simran,nice
3083,2026-05-05 08:08:00,Riya,mere liye bhi rakhna
3084,2026-05-05 11:13:00,Vikram,office se late niklunga
3085,2026-05-05 11:15:00,Simran,traffic bhot hai
3086,2026-05-05 11:17:00,Neha,take care
3087,2026-05-05 11:19:00,Simran,ghar pahunch ke ping kr
3088,2026-05-05 14:10:00,Priya,chai peene aa rahe?
3089,2026-05-05 14:12:00,Rahul,nhi yaar
3090,2026-05-05 14:14:00,Aman,canteen mein samosa bhi hai
3091,2026-05-05 14:16:00,Vikram,acha
3092,2026-05-05 14:18:00,Arjun,bas 5 min
3093,2026-05-05 17:17:00,Simran,wifi fir se gaya 😭
3094,2026-05-05 17:19:00,Rahul,router restart kr
3095,2026-05-05 17:21:00,Riya,kiya bhai
3096,2026-05-05 17:23:00,Vikram,ab chal raha 😂
3097,2026-05-05 20:00:00,Priya,weekend movie?
3098,2026-05-05 20:02:00,Riya,comedy dekhte hain
3099,2026-05-05 20:04:00,Arjun,popcorn meri taraf se
3100,2026-05-05 20:06:00,Simran,done
3101,2026-05-05 22:01:00,Riya,lunch mein kya hai?
3102,2026-05-05 22:03:00,Simran,rajma chawal
3103,2026-05-05 22:05:00,Priya,nice
3104,2026-05-05 22:07:00,Riya,mere liye bhi rakhna
3105,2026-05-06 08:12:00,Vikram,internship form bhar diya?
3106,2026-05-06 08:14:00,Neha,resume update krna hai
3107,2026-05-06 08:16:00,Rahul,I can review it tonight
3108,2026-05-06 08:18:00,Aman,thanks yaar
3109,2026-05-06 11:08:00,Simran,aaj match dekha?
3110,2026-05-06 11:10:00,Vikram,last over kya tha 🔥
3111,2026-05-06 11:12:00,Riya,haan
3112,2026-05-06 11:14:00,Neha,<video omitted>
3113,2026-05-06 14:06:00,Priya,chai peene aa rahe?
3114,2026-05-06 14:08:00,Riya,nhi yaar
3115,2026-05-06 14:10:00,Arjun,canteen mein samosa bhi hai
3116,2026-05-06 14:12:00,Neha,acha
3117,2026-05-06 14:14:00,Aman,bas 5 min
3118,2026-05-06 17:08:00,Priya,ye meme dekho 😂
3119,2026-05-06 17:10:00,Arjun,<image omitted>
3120,2026-05-06 17:12:00,Riya,😂
3121,2026-05-06 17:14:00,Aman,bhai bas kar
3122,2026-05-06 20:18:00,Simran,chai peene aa rahe?
3123,2026-05-06 20:20:00,Rahul,nhi yaar
3124,2026-05-06 20:22:00,Neha,canteen mein samosa bhi hai
3125,2026-05-06 20:24:00,Priya,acha
3126,2026-05-06 20:26:00,Riya,bas 5 min
3127,2026-05-06 22:15:00,Priya,ye meme dekho 😂
3128,2026-05-06 22:17:00,Neha,<image omitted>
3129,2026-05-06 22:19:00,Aman,😂
3130,2026-05-06 22:21:00,Aman,bhai bas kar
3131,2026-05-07 08:04:00,Priya,"Forwarded: heavy rain advisory, carry an umbrella"
3132,2026-05-07 08:06:00,Rahul,baarish shuru
3133,2026-05-07 08:08:00,Simran,kapde andar le lo 😂
3134,2026-05-07 08:10:00,Riya,haan
3135,2026-05-07 11:17:00,Neha,office se late niklunga
3136,2026-05-07 11:19:00,Simran,traffic bhot hai
3137,2026-05-07 11:21:00,Riya,take care
3138,2026-05-07 11:23:00,Aman,ghar pahunch ke ping kr
3139,2026-05-07 14:11:00,Rahul,weekend movie?
3140,2026-05-07 14:13:00,Vikram,comedy dekhte hain
3141,2026-05-07 14:15:00,Aman,popcorn meri taraf se
3142,2026-05-07 14:17:00,Simran,done
3143,2026-05-07 17:17:00,Vikram,phone ki battery dead
3144,2026-05-07 17:19:00,Simran,charger mere bag mein hai
3145,2026-05-07 17:21:00,Riya,mil gaya thnx
3146,2026-05-07 17:23:00,Rahul,cool
3147,2026-05-07 20:10:00,Simran,"Forwarded: heavy rain advisory, carry an umbrella"
3148,2026-05-07 20:12:00,Vikram,baarish shuru
3149,2026-05-07 20:14:00,Rahul,kapde andar le lo 😂
3150,2026-05-07 20:16:00,Priya,haan
3151,2026-05-07 22:14:00,Vikram,assignment upload ho gaya?
3152,2026-05-07 22:16:00,Vikram,server busy aa raha
3153,2026-05-07 22:18:00,Neha,try again after dinner
3154,2026-05-07 22:20:00,Simran,done
3155,2026-05-08 08:16:00,Arjun,kal lecture hai kya?
3156,2026-05-08 08:18:00,Rahul,haan 9 baje
3157,2026-05-08 08:20:00,Aman,notes bhej dena plss
3158,2026-05-08 08:22:00,Neha,done
3159,2026-05-08 11:10:00,Priya,lunch mein kya hai?
3160,2026-05-08 11:12:00,Arjun,rajma chawal
3161,2026-05-08 11:14:00,Riya,nice
3162,2026-05-08 11:16:00,Simran,mere liye bhi rakhna
3163,2026-05-08 14:19:00,Vikram,assignment upload ho gaya?
3164,2026-05-08 14:21:00,Neha,server busy aa raha
3165,2026-05-08 14:23:00,Arjun,try again after dinner
3166,2026-05-08 14:25:00,Neha,done
3167,2026-05-08 17:03:00,Priya,aaj match dekha?
3168,2026-05-08 17:05:00,Aman,last over kya tha 🔥
3169,2026-05-08 17:07:00,Rahul,haan
3170,2026-05-08 17:09:00,Rahul,<video omitted>
3171,2026-05-08 20:06:00,Priya,chai peene aa rahe?
3172,2026-05-08 20:08:00,Simran,nhi yaar
3173,2026-05-08 20:10:00,Riya,canteen mein samosa bhi hai
3174,2026-05-08 20:12:00,Priya,acha
3175,2026-05-08 20:14:00,Aman,bas 5 min
3176,2026-05-08 22:15:00,Vikram,weekend movie?
3177,2026-05-08 22:17:00,Aman,comedy dekhte hain
3178,2026-05-08 22:19:00,Neha,popcorn meri taraf se
3179,2026-05-08 22:21:00,Riya,done
3180,2026-05-09 08:00:00,Riya,wifi fir se gaya 😭
3181,2026-05-09 08:02:00,Simran,router restart kr
3182,2026-05-09 08:04:00,Priya,kiya bhai
3183,2026-05-09 08:06:00,Simran,ab chal raha 😂
3184,2026-05-09 11:11:00,Arjun,chai peene aa rahe?
3185,2026-05-09 11:13:00,Neha,nhi yaar
3186,2026-05-09 11:15:00,Aman,canteen mein samosa bhi hai
3187,2026-05-09 11:17:00,Vikram,acha
3188,2026-05-09 11:19:00,Aman,bas 5 min
3189,2026-05-09 14:09:00,Priya,wifi fir se gaya 😭
3190,2026-05-09 14:11:00,Riya,router restart kr
3191,2026-05-09 14:13:00,Priya,kiya bhai
3192,2026-05-09 14:15:00,Priya,ab chal raha 😂
3193,2026-05-09 15:00:00,Vikram,Our train leaves platform 6 at 7:40 in the evening
3194,2026-05-09 17:17:00,Arjun,lunch mein kya hai?
3195,2026-05-09 17:19:00,Riya,rajma chawal
3196,2026-05-09 17:21:00,Riya,nice
3197,2026-05-09 17:23:00,Riya,mere liye bhi rakhna
3198,2026-05-09 20:17:00,Arjun,ye meme dekho 😂
3199,2026-05-09 20:19:00,Priya,<image omitted>
3200,2026-05-09 20:21:00,Neha,😂
3201,2026-05-09 20:23:00,Simran,bhai bas kar
3202,2026-05-09 22:03:00,Rahul,good morning
3203,2026-05-09 22:05:00,Rahul,gym kaun aayega?
3204,2026-05-09 22:07:00,Arjun,aaj rest day 😂
3205,2026-05-09 22:09:00,Neha,same
3206,2026-05-10 08:17:00,Simran,ye meme dekho 😂
3207,2026-05-10 08:19:00,Neha,<image omitted>
3208,2026-05-10 08:21:00,Neha,😂
3209,2026-05-10 08:23:00,Neha,bhai bas kar
3210,2026-05-10 11:13:00,Arjun,"Forwarded: heavy rain advisory, carry an umbrella"
3211,2026-05-10 11:15:00,Neha,baarish shuru
3212,2026-05-10 11:17:00,Riya,kapde andar le lo 😂
3213,2026-05-10 11:19:00,Riya,haan
3214,2026-05-10 14:17:00,Vikram,weekend movie?
3215,2026-05-10 14:19:00,Neha,comedy dekhte hain
3216,2026-05-10 14:21:00,Simran,popcorn meri taraf se
3217,2026-05-10 14:23:00,Simran,done
3218,2026-05-10 17:00:00,Aman,weekend movie?
3219,2026-05-10 17:02:00,Vikram,comedy dekhte hain
3220,2026-05-10 17:04:00,Aman,popcorn meri taraf se
3221,2026-05-10 17:06:00,Rahul,done
3222,2026-05-10 20:00:00,Vikram,<document omitted>
3223,2026-05-10 20:02:00,Riya,ye maths worksheet hai
3224,2026-05-10 20:04:00,Riya,thank you!
3225,2026-05-10 20:06:00,Neha,kal solve karte
3226,2026-05-10 22:08:00,Rahul,kal lecture hai kya?
3227,2026-05-10 22:10:00,Priya,haan 9 baje
3228,2026-05-10 22:12:00,Aman,notes bhej dena plss
3229,2026-05-10 22:14:00,Simran,done
3230,2026-05-11 08:04:00,Rahul,"Forwarded: heavy rain advisory, carry an umbrella"
3231,2026-05-11 08:06:00,Vikram,baarish shuru
3232,2026-05-11 08:08:00,Neha,kapde andar le lo 😂
3233,2026-05-11 08:10:00,Riya,haan
3234,2026-05-11 11:08:00,Vikram,lunch mein kya hai?
3235,2026-05-11 11:10:00,Priya,rajma chawal
3236,2026-05-11 11:12:00,Arjun,nice
3237,2026-05-11 11:14:00,Riya,mere liye bhi rakhna
3238,2026-05-11 14:10:00,Simran,wifi fir se gaya 😭
3239,2026-05-11 14:12:00,Rahul,router restart kr
3240,2026-05-11 14:14:00,Simran,kiya bhai
3241,2026-05-11 14:16:00,Priya,ab chal raha 😂
3242,2026-05-11 17:01:00,Arjun,<document omitted>
3243,2026-05-11 17:03:00,Priya,ye maths worksheet hai
3244,2026-05-11 17:05:00,Aman,thank you!
3245,2026-05-11 17:07:00,Neha,kal solve karte
3246,2026-05-11 20:13:00,Arjun,"Forwarded: heavy rain advisory, carry an umbrella"
3247,2026-05-11 20:15:00,Priya,baarish shuru
3248,2026-05-11 20:17:00,Riya,kapde andar le lo 😂
3249,2026-05-11 20:19:00,Aman,haan
3250,2026-05-11 22:01:00,Vikram,weekend movie?
3251,2026-05-11 22:03:00,Aman,comedy dekhte hain
3252,2026-05-11 22:05:00,Neha,popcorn meri taraf se
3253,2026-05-11 22:07:00,Rahul,done
3254,2026-05-12 08:16:00,Riya,office se late niklunga
3255,2026-05-12 08:18:00,Rahul,traffic bhot hai
3256,2026-05-12 08:20:00,Aman,take care
3257,2026-05-12 08:22:00,Arjun,ghar pahunch ke ping kr
3258,2026-05-12 11:19:00,Priya,phone ki battery dead
3259,2026-05-12 11:21:00,Riya,charger mere bag mein hai
3260,2026-05-12 11:23:00,Arjun,mil gaya thnx
3261,2026-05-12 11:25:00,Vikram,cool
3262,2026-05-12 14:04:00,Rahul,weekend movie?
3263,2026-05-12 14:06:00,Neha,comedy dekhte hain
3264,2026-05-12 14:08:00,Priya,popcorn meri taraf se
3265,2026-05-12 14:10:00,Simran,done
3266,2026-05-12 17:17:00,Arjun,chai peene aa rahe?
3267,2026-05-12 17:19:00,Vikram,nhi yaar
3268,2026-05-12 17:21:00,Priya,canteen mein samosa bhi hai
3269,2026-05-12 17:23:00,Arjun,acha
3270,2026-05-12 17:25:00,Arjun,bas 5 min
3271,2026-05-12 20:04:00,Simran,assignment upload ho gaya?
3272,2026-05-12 20:06:00,Riya,server busy aa raha
3273,2026-05-12 20:08:00,Simran,try again after dinner
3274,2026-05-12 20:10:00,Arjun,done
3275,2026-05-12 22:17:00,Riya,Forwarded: campus blood donation camp on Saturday
3276,2026-05-12 22:19:00,Riya,kahan pe?
3277,2026-05-12 22:21:00,Priya,main gate ke paas
3278,2026-05-12 22:23:00,Vikram,okay
3279,2026-05-13 08:10:00,Priya,good morning
3280,2026-05-13 08:12:00,Priya,gym kaun aayega?
3281,2026-05-13 08:14:00,Arjun,aaj rest day 😂
3282,2026-05-13 08:16:00,Arjun,same
3283,2026-05-13 11:11:00,Riya,"Forwarded: heavy rain advisory, carry an umbrella"
3284,2026-05-13 11:13:00,Neha,baarish shuru
3285,2026-05-13 11:15:00,Neha,kapde andar le lo 😂
3286,2026-05-13 11:17:00,Aman,haan
3287,2026-05-13 14:05:00,Neha,<document omitted>
3288,2026-05-13 14:07:00,Simran,ye maths worksheet hai
3289,2026-05-13 14:09:00,Rahul,thank you!
3290,2026-05-13 14:11:00,Simran,kal solve karte
3291,2026-05-13 17:07:00,Riya,chai peene aa rahe?
3292,2026-05-13 17:09:00,Neha,nhi yaar
3293,2026-05-13 17:11:00,Rahul,canteen mein samosa bhi hai
3294,2026-05-13 17:13:00,Priya,acha
3295,2026-05-13 17:15:00,Priya,bas 5 min
3296,2026-05-13 20:07:00,Rahul,chai peene aa rahe?
3297,2026-05-13 20:09:00,Vikram,nhi yaar
3298,2026-05-13 20:11:00,Aman,canteen mein samosa bhi hai
3299,2026-05-13 20:13:00,Neha,acha
3300,2026-05-13 20:15:00,Priya,bas 5 min
3301,2026-05-13 22:14:00,Simran,<document omitted>
3302,2026-05-13 22:16:00,Aman,ye maths worksheet hai
3303,2026-05-13 22:18:00,Neha,thank you!
3304,2026-05-13 22:20:00,Riya,kal solve karte
3305,2026-05-14 08:06:00,Vikram,Forwarded: campus blood donation camp on Saturday
3306,2026-05-14 08:08:00,Simran,kahan pe?
3307,2026-05-14 08:10:00,Rahul,main gate ke paas
3308,2026-05-14 08:12:00,Aman,okay
3309,2026-05-14 11:18:00,Aman,weekend movie?
3310,2026-05-14 11:20:00,Vikram,comedy dekhte hain
3311,2026-05-14 11:22:00,Rahul,popcorn meri taraf se
3312,2026-05-14 11:24:00,Aman,done
3313,2026-05-14 14:06:00,Vikram,<document omitted>
3314,2026-05-14 14:08:00,Aman,ye maths worksheet hai
3315,2026-05-14 14:10:00,Simran,thank you!
3316,2026-05-14 14:12:00,Aman,kal solve karte
3317,2026-05-14 17:12:00,Vikram,wifi fir se gaya 😭
3318,2026-05-14 17:14:00,Neha,router restart kr
3319,2026-05-14 17:16:00,Priya,kiya bhai
3320,2026-05-14 17:18:00,Aman,ab chal raha 😂
3321,2026-05-14 20:12:00,Riya,<document omitted>
3322,2026-05-14 20:14:00,Arjun,ye maths worksheet hai
3323,2026-05-14 20:16:00,Priya,thank you!
3324,2026-05-14 20:18:00,Neha,kal solve karte
3325,2026-05-14 22:19:00,Priya,internship form bhar diya?
3326,2026-05-14 22:21:00,Rahul,resume update krna hai
3327,2026-05-14 22:23:00,Riya,I can review it tonight
3328,2026-05-14 22:25:00,Simran,thanks yaar
3329,2026-05-15 08:01:00,Riya,kal lecture hai kya?
3330,2026-05-15 08:03:00,Vikram,haan 9 baje
3331,2026-05-15 08:05:00,Neha,notes bhej dena plss
3332,2026-05-15 08:07:00,Simran,done
3333,2026-05-15 11:05:00,Aman,weekend movie?
3334,2026-05-15 11:07:00,Neha,comedy dekhte hain
3335,2026-05-15 11:09:00,Neha,popcorn meri taraf se
3336,2026-05-15 11:11:00,Neha,done
3337,2026-05-15 13:00:00,Priya,"Bus cancellation ka refund aa gaya, 800 each wapas bhej rahi"
3338,2026-05-15 14:07:00,Vikram,<document omitted>
3339,2026-05-15 14:09:00,Aman,ye maths worksheet hai
3340,2026-05-15 14:11:00,Vikram,thank you!
3341,2026-05-15 14:13:00,Arjun,kal solve karte
3342,2026-05-15 17:17:00,Vikram,kal lecture hai kya?
3343,2026-05-15 17:19:00,Riya,haan 9 baje
3344,2026-05-15 17:21:00,Rahul,notes bhej dena plss
3345,2026-05-15 17:23:00,Neha,done
3346,2026-05-15 20:04:00,Priya,weekend movie?
3347,2026-05-15 20:06:00,Arjun,comedy dekhte hain
3348,2026-05-15 20:08:00,Riya,popcorn meri taraf se
3349,2026-05-15 20:10:00,Arjun,done
3350,2026-05-15 22:18:00,Rahul,lunch mein kya hai?
3351,2026-05-15 22:20:00,Arjun,rajma chawal
3352,2026-05-15 22:22:00,Vikram,nice
3353,2026-05-15 22:24:00,Neha,mere liye bhi rakhna
3354,2026-05-16 08:17:00,Rahul,phone ki battery dead
3355,2026-05-16 08:19:00,Riya,charger mere bag mein hai
3356,2026-05-16 08:21:00,Rahul,mil gaya thnx
3357,2026-05-16 08:23:00,Riya,cool
3358,2026-05-16 11:09:00,Rahul,assignment upload ho gaya?
3359,2026-05-16 11:11:00,Arjun,server busy aa raha
3360,2026-05-16 11:13:00,Rahul,try again after dinner
3361,2026-05-16 11:15:00,Rahul,done
3362,2026-05-16 14:02:00,Priya,office se late niklunga
3363,2026-05-16 14:04:00,Rahul,traffic bhot hai
3364,2026-05-16 14:06:00,Neha,take care
3365,2026-05-16 14:08:00,Rahul,ghar pahunch ke ping kr
3366,2026-05-16 17:10:00,Arjun,kal lecture hai kya?
3367,2026-05-16 17:12:00,Arjun,haan 9 baje
3368,2026-05-16 17:14:00,Vikram,notes bhej dena plss
3369,2026-05-16 17:16:00,Simran,done
3370,2026-05-16 20:04:00,Riya,library chalna hai
3371,2026-05-16 20:06:00,Priya,seat milegi?
3372,2026-05-16 20:08:00,Rahul,second floor khaali hai
3373,2026-05-16 20:10:00,Rahul,aa rha
3374,2026-05-16 22:19:00,Vikram,kal lecture hai kya?
3375,2026-05-16 22:21:00,Riya,haan 9 baje
3376,2026-05-16 22:23:00,Riya,notes bhej dena plss
3377,2026-05-16 22:25:00,Riya,done
3378,2026-05-17 08:11:00,Priya,kal lecture hai kya?
3379,2026-05-17 08:13:00,Simran,haan 9 baje
3380,2026-05-17 08:15:00,Rahul,notes bhej dena plss
3381,2026-05-17 08:17:00,Simran,done
3382,2026-05-17 11:05:00,Arjun,"Forwarded: heavy rain advisory, carry an umbrella"
3383,2026-05-17 11:07:00,Simran,baarish shuru
3384,2026-05-17 11:09:00,Simran,kapde andar le lo 😂
3385,2026-05-17 11:11:00,Rahul,haan
3386,2026-05-17 14:06:00,Riya,ye meme dekho 😂
3387,2026-05-17 14:08:00,Aman,<image omitted>
3388,2026-05-17 14:10:00,Arjun,😂
3389,2026-05-17 14:12:00,Aman,bhai bas kar
3390,2026-05-17 17:13:00,Riya,library chalna hai
3391,2026-05-17 17:15:00,Riya,seat milegi?
3392,2026-05-17 17:17:00,Riya,second floor khaali hai
3393,2026-05-17 17:19:00,Priya,aa rha
3394,2026-05-17 20:14:00,Simran,ye meme dekho 😂
3395,2026-05-17 20:16:00,Neha,<image omitted>
3396,2026-05-17 20:18:00,Simran,😂
3397,2026-05-17 20:20:00,Riya,bhai bas kar
3398,2026-05-17 22:12:00,Aman,good morning
3399,2026-05-17 22:14:00,Arjun,gym kaun aayega?
3400,2026-05-17 22:16:00,Neha,aaj rest day 😂
3401,2026-05-17 22:18:00,Arjun,same
3402,2026-05-18 08:16:00,Priya,chai peene aa rahe?
3403,2026-05-18 08:18:00,Simran,nhi yaar
3404,2026-05-18 08:20:00,Simran,canteen mein samosa bhi hai
3405,2026-05-18 08:22:00,Aman,acha
3406,2026-05-18 08:24:00,Riya,bas 5 min
3407,2026-05-18 11:01:00,Arjun,weekend movie?
3408,2026-05-18 11:03:00,Aman,comedy dekhte hain
3409,2026-05-18 11:05:00,Riya,popcorn meri taraf se
3410,2026-05-18 11:07:00,Vikram,done
3411,2026-05-18 14:12:00,Vikram,phone ki battery dead
3412,2026-05-18 14:14:00,Vikram,charger mere bag mein hai
3413,2026-05-18 14:16:00,Simran,mil gaya thnx
3414,2026-05-18 14:18:00,Rahul,cool
3415,2026-05-18 17:09:00,Aman,good morning
3416,2026-05-18 17:11:00,Rahul,gym kaun aayega?
3417,2026-05-18 17:13:00,Simran,aaj rest day 😂
3418,2026-05-18 17:15:00,Simran,same
3419,2026-05-18 20:16:00,Priya,wifi fir se gaya 😭
3420,2026-05-18 20:18:00,Rahul,router restart kr
3421,2026-05-18 20:20:00,Rahul,kiya bhai
3422,2026-05-18 20:22:00,Arjun,ab chal raha 😂
3423,2026-05-18 22:10:00,Simran,good morning
3424,2026-05-18 22:12:00,Aman,gym kaun aayega?
3425,2026-05-18 22:14:00,Rahul,aaj rest day 😂
3426,2026-05-18 22:16:00,Simran,same
3427,2026-05-19 08:14:00,Priya,Forwarded: campus blood donation camp on Saturday
3428,2026-05-19 08:16:00,Vikram,kahan pe?
3429,2026-05-19 08:18:00,Neha,main gate ke paas
3430,2026-05-19 08:20:00,Rahul,okay
3431,2026-05-19 11:02:00,Priya,aaj match dekha?
3432,2026-05-19 11:04:00,Simran,last over kya tha 🔥
3433,2026-05-19 11:06:00,Neha,haan
3434,2026-05-19 11:08:00,Priya,<video omitted>
3435,2026-05-19 14:16:00,Rahul,weekend movie?
3436,2026-05-19 14:18:00,Arjun,comedy dekhte hain
3437,2026-05-19 14:20:00,Arjun,popcorn meri taraf se
3438,2026-05-19 14:22:00,Aman,done
3439,2026-05-19 17:10:00,Rahul,ye meme dekho 😂
3440,2026-05-19 17:12:00,Rahul,<image omitted>
3441,2026-05-19 17:14:00,Rahul,😂
3442,2026-05-19 17:16:00,Rahul,bhai bas kar
3443,2026-05-19 20:13:00,Vikram,chai peene aa rahe?
3444,2026-05-19 20:15:00,Vikram,nhi yaar
3445,2026-05-19 20:17:00,Simran,canteen mein samosa bhi hai
3446,2026-05-19 20:19:00,Vikram,acha
3447,2026-05-19 20:21:00,Rahul,bas 5 min
3448,2026-05-19 22:04:00,Riya,aaj match dekha?
3449,2026-05-19 22:06:00,Aman,last over kya tha 🔥
3450,2026-05-19 22:08:00,Vikram,haan
3451,2026-05-19 22:10:00,Aman,<video omitted>
3452,2026-05-20 08:15:00,Simran,phone ki battery dead
3453,2026-05-20 08:17:00,Aman,charger mere bag mein hai
3454,2026-05-20 08:19:00,Simran,mil gaya thnx
3455,2026-05-20 08:21:00,Riya,cool
3456,2026-05-20 11:18:00,Simran,Forwarded: campus blood donation camp on Saturday
3457,2026-05-20 11:20:00,Simran,kahan pe?
3458,2026-05-20 11:22:00,Arjun,main gate ke paas
3459,2026-05-20 11:24:00,Simran,okay
3460,2026-05-20 14:19:00,Aman,wifi fir se gaya 😭
3461,2026-05-20 14:21:00,Riya,router restart kr
3462,2026-05-20 14:23:00,Vikram,kiya bhai
3463,2026-05-20 14:25:00,Riya,ab chal raha 😂
3464,2026-05-20 17:05:00,Rahul,chai peene aa rahe?
3465,2026-05-20 17:07:00,Aman,nhi yaar
3466,2026-05-20 17:09:00,Neha,canteen mein samosa bhi hai
3467,2026-05-20 17:11:00,Aman,acha
3468,2026-05-20 17:13:00,Rahul,bas 5 min
3469,2026-05-20 20:18:00,Vikram,chai peene aa rahe?
3470,2026-05-20 20:20:00,Neha,nhi yaar
3471,2026-05-20 20:22:00,Priya,canteen mein samosa bhi hai
3472,2026-05-20 20:24:00,Aman,acha
3473,2026-05-20 20:26:00,Priya,bas 5 min
3474,2026-05-20 22:05:00,Rahul,good morning
3475,2026-05-20 22:07:00,Vikram,gym kaun aayega?
3476,2026-05-20 22:09:00,Rahul,aaj rest day 😂
3477,2026-05-20 22:11:00,Simran,same
3478,2026-05-21 08:01:00,Priya,"Forwarded: heavy rain advisory, carry an umbrella"
3479,2026-05-21 08:03:00,Vikram,baarish shuru
3480,2026-05-21 08:05:00,Neha,kapde andar le lo 😂
3481,2026-05-21 08:07:00,Neha,haan
3482,2026-05-21 11:02:00,Arjun,weekend movie?
3483,2026-05-21 11:04:00,Priya,comedy dekhte hain
3484,2026-05-21 11:06:00,Vikram,popcorn meri taraf se
3485,2026-05-21 11:08:00,Simran,done
3486,2026-05-21 14:03:00,Vikram,assignment upload ho gaya?
3487,2026-05-21 14:05:00,Neha,server busy aa raha
3488,2026-05-21 14:07:00,Arjun,try again after dinner
3489,2026-05-21 14:09:00,Riya,done
3490,2026-05-21 17:19:00,Aman,Forwarded: campus blood donation camp on Saturday
3491,2026-05-21 17:21:00,Priya,kahan pe?
3492,2026-05-21 17:23:00,Priya,main gate ke paas
3493,2026-05-21 17:25:00,Simran,okay
3494,2026-05-21 20:13:00,Neha,<document omitted>
3495,2026-05-21 20:15:00,Vikram,ye maths worksheet hai
3496,2026-05-21 20:17:00,Neha,thank you!
3497,2026-05-21 20:19:00,Rahul,kal solve karte
3498,2026-05-21 22:16:00,Simran,internship form bhar diya?
3499,2026-05-21 22:18:00,Simran,resume update krna hai
3500,2026-05-21 22:20:00,Rahul,I can review it tonight
3501,2026-05-21 22:22:00,Riya,thanks yaar
3502,2026-05-22 08:06:00,Aman,<document omitted>
3503,2026-05-22 08:08:00,Priya,ye maths worksheet hai
3504,2026-05-22 08:10:00,Aman,thank you!
3505,2026-05-22 08:12:00,Simran,kal solve karte
3506,2026-05-22 11:06:00,Arjun,aaj match dekha?
3507,2026-05-22 11:08:00,Arjun,last over kya tha 🔥
3508,2026-05-22 11:10:00,Aman,haan
3509,2026-05-22 11:12:00,Neha,<video omitted>
3510,2026-05-22 14:17:00,Riya,"Forwarded: heavy rain advisory, carry an umbrella"
3511,2026-05-22 14:19:00,Aman,baarish shuru
3512,2026-05-22 14:21:00,Riya,kapde andar le lo 😂
3513,2026-05-22 14:23:00,Vikram,haan
3514,2026-05-22 17:00:00,Neha,project ka demo kab rakhein?
3515,2026-05-22 17:03:00,Arjun,Friday ko lab free nahi
3516,2026-05-22 17:06:00,Simran,Saturday afternoon possible
3517,2026-05-22 17:09:00,Vikram,faculty ko Thursday chahiye tha
3518,2026-05-22 17:12:00,Aman,Monday sab available hain
3519,2026-05-22 17:15:00,Riya,slides tab tak polish ho jayengi
3520,2026-05-22 17:18:00,Priya,auditorium confirm karna padega
3521,2026-05-22 17:21:00,Rahul,calendar dekh ke batao
3522,2026-05-22 17:24:00,Neha,June mein exams bhi hain
3523,2026-05-22 17:27:00,Arjun,pehle week avoid karo
3524,2026-05-22 17:30:00,Simran,second week internship interviews
3525,2026-05-22 17:33:00,Vikram,last week better
3526,2026-05-22 17:36:00,Aman,prototype ke sensors tab aa jayenge
3527,2026-05-22 17:39:00,Riya,projector test karna hoga
3528,2026-05-22 17:42:00,Priya,main booking office jaungi
3529,2026-05-22 17:45:00,Rahul,poster kaun banayega?
3530,2026-05-22 17:48:00,Neha,main bana dungi
3531,2026-05-22 17:51:00,Arjun,demo live ho ya recorded?
3532,2026-05-22 17:54:00,Simran,live with backup video
3533,2026-05-22 17:57:00,Vikram,faculty ne last Monday bola
3534,2026-05-22 18:00:00,Aman,morning slot free hai
3535,2026-05-22 18:03:00,Riya,audio system bhi checked
3536,2026-05-22 18:06:00,Priya,"hall available, written confirmation mil gayi"
3537,2026-05-22 18:09:00,Rahul,sab apna laptop lana
3538,2026-05-22 18:12:00,Arjun,ab calendar mein daal do
3539,2026-05-22 18:15:00,Neha,"29 June subah 10 baje auditorium mein apna prototype dikhayenge, pakka"
3540,2026-05-22 18:18:00,Simran,done
3541,2026-05-22 18:21:00,Vikram,rehearsal ek din pehle
3542,2026-05-22 20:10:00,Neha,aaj match dekha?
3543,2026-05-22 20:12:00,Arjun,last over kya tha 🔥
3544,2026-05-22 20:14:00,Aman,haan
3545,2026-05-22 20:16:00,Rahul,<video omitted>
3546,2026-05-22 22:10:00,Neha,Forwarded: campus blood donation camp on Saturday
3547,2026-05-22 22:12:00,Simran,kahan pe?
3548,2026-05-22 22:14:00,Simran,main gate ke paas
3549,2026-05-22 22:16:00,Aman,okay
3550,2026-05-23 08:15:00,Rahul,assignment upload ho gaya?
3551,2026-05-23 08:17:00,Simran,server busy aa raha
3552,2026-05-23 08:19:00,Neha,try again after dinner
3553,2026-05-23 08:21:00,Simran,done
3554,2026-05-23 11:01:00,Vikram,good morning
3555,2026-05-23 11:03:00,Neha,gym kaun aayega?
3556,2026-05-23 11:05:00,Aman,aaj rest day 😂
3557,2026-05-23 11:07:00,Riya,same
3558,2026-05-23 14:11:00,Priya,office se late niklunga
3559,2026-05-23 14:13:00,Rahul,traffic bhot hai
3560,2026-05-23 14:15:00,Vikram,take care
3561,2026-05-23 14:17:00,Aman,ghar pahunch ke ping kr
3562,2026-05-23 17:12:00,Rahul,office se late niklunga
3563,2026-05-23 17:14:00,Arjun,traffic bhot hai
3564,2026-05-23 17:16:00,Rahul,take care
3565,2026-05-23 17:18:00,Priya,ghar pahunch ke ping kr
3566,2026-05-23 20:10:00,Aman,<document omitted>
3567,2026-05-23 20:12:00,Vikram,ye maths worksheet hai
3568,2026-05-23 20:14:00,Arjun,thank you!
3569,2026-05-23 20:16:00,Priya,kal solve karte
3570,2026-05-23 22:07:00,Neha,internship form bhar diya?
3571,2026-05-23 22:09:00,Simran,resume update krna hai
3572,2026-05-23 22:11:00,Vikram,I can review it tonight
3573,2026-05-23 22:13:00,Riya,thanks yaar
3574,2026-05-24 08:05:00,Priya,<document omitted>
3575,2026-05-24 08:07:00,Neha,ye maths worksheet hai
3576,2026-05-24 08:09:00,Aman,thank you!
3577,2026-05-24 08:11:00,Riya,kal solve karte
3578,2026-05-24 11:14:00,Aman,wifi fir se gaya 😭
3579,2026-05-24 11:16:00,Simran,router restart kr
3580,2026-05-24 11:18:00,Rahul,kiya bhai
3581,2026-05-24 11:20:00,Riya,ab chal raha 😂
3582,2026-05-24 14:15:00,Vikram,office se late niklunga
3583,2026-05-24 14:17:00,Neha,traffic bhot hai
3584,2026-05-24 14:19:00,Rahul,take care
3585,2026-05-24 14:21:00,Priya,ghar pahunch ke ping kr
3586,2026-05-24 17:06:00,Aman,assignment upload ho gaya?
3587,2026-05-24 17:08:00,Simran,server busy aa raha
3588,2026-05-24 17:10:00,Arjun,try again after dinner
3589,2026-05-24 17:12:00,Priya,done
3590,2026-05-24 20:09:00,Aman,kal lecture hai kya?
3591,2026-05-24 20:11:00,Priya,haan 9 baje
3592,2026-05-24 20:13:00,Neha,notes bhej dena plss
3593,2026-05-24 20:15:00,Simran,done
3594,2026-05-24 22:03:00,Vikram,chai peene aa rahe?
3595,2026-05-24 22:05:00,Aman,nhi yaar
3596,2026-05-24 22:07:00,Vikram,canteen mein samosa bhi hai
3597,2026-05-24 22:09:00,Riya,acha
3598,2026-05-24 22:11:00,Neha,bas 5 min
3599,2026-05-25 08:06:00,Vikram,Forwarded: campus blood donation camp on Saturday
3600,2026-05-25 08:08:00,Vikram,kahan pe?
3601,2026-05-25 08:10:00,Neha,main gate ke paas
3602,2026-05-25 08:12:00,Simran,okay
3603,2026-05-25 11:08:00,Rahul,aaj match dekha?
3604,2026-05-25 11:10:00,Rahul,last over kya tha 🔥
3605,2026-05-25 11:12:00,Vikram,haan
3606,2026-05-25 11:14:00,Priya,<video omitted>
3607,2026-05-25 14:19:00,Priya,kal lecture hai kya?
3608,2026-05-25 14:21:00,Riya,haan 9 baje
3609,2026-05-25 14:23:00,Neha,notes bhej dena plss
3610,2026-05-25 14:25:00,Neha,done
3611,2026-05-25 17:04:00,Vikram,library chalna hai
3612,2026-05-25 17:06:00,Riya,seat milegi?
3613,2026-05-25 17:08:00,Rahul,second floor khaali hai
3614,2026-05-25 17:10:00,Priya,aa rha
3615,2026-05-25 20:19:00,Neha,<document omitted>
3616,2026-05-25 20:21:00,Simran,ye maths worksheet hai
3617,2026-05-25 20:23:00,Aman,thank you!
3618,2026-05-25 20:25:00,Rahul,kal solve karte
3619,2026-05-25 22:15:00,Aman,kal lecture hai kya?
3620,2026-05-25 22:17:00,Priya,haan 9 baje
3621,2026-05-25 22:19:00,Arjun,notes bhej dena plss
3622,2026-05-25 22:21:00,Aman,done
3623,2026-05-26 08:13:00,Arjun,wifi fir se gaya 😭
3624,2026-05-26 08:15:00,Rahul,router restart kr
3625,2026-05-26 08:17:00,Simran,kiya bhai
3626,2026-05-26 08:19:00,Neha,ab chal raha 😂
3627,2026-05-26 11:10:00,Riya,<document omitted>
3628,2026-05-26 11:12:00,Priya,ye maths worksheet hai
3629,2026-05-26 11:14:00,Simran,thank you!
3630,2026-05-26 11:16:00,Rahul,kal solve karte
3631,2026-05-26 14:14:00,Priya,wifi fir se gaya 😭
3632,2026-05-26 14:16:00,Simran,router restart kr
3633,2026-05-26 14:18:00,Vikram,kiya bhai
3634,2026-05-26 14:20:00,Simran,ab chal raha 😂
3635,2026-05-26 17:07:00,Riya,internship form bhar diya?
3636,2026-05-26 17:09:00,Rahul,resume update krna hai
3637,2026-05-26 17:11:00,Vikram,I can review it tonight
3638,2026-05-26 17:13:00,Neha,thanks yaar
3639,2026-05-26 20:05:00,Neha,weekend movie?
3640,2026-05-26 20:07:00,Neha,comedy dekhte hain
3641,2026-05-26 20:09:00,Simran,popcorn meri taraf se
3642,2026-05-26 20:11:00,Simran,done
3643,2026-05-26 22:02:00,Simran,kal lecture hai kya?
3644,2026-05-26 22:04:00,Priya,haan 9 baje
3645,2026-05-26 22:06:00,Neha,notes bhej dena plss
3646,2026-05-26 22:08:00,Simran,done
3647,2026-05-27 08:05:00,Vikram,phone ki battery dead
3648,2026-05-27 08:07:00,Neha,charger mere bag mein hai
3649,2026-05-27 08:09:00,Rahul,mil gaya thnx
3650,2026-05-27 08:11:00,Priya,cool
3651,2026-05-27 11:03:00,Neha,weekend movie?
3652,2026-05-27 11:05:00,Priya,comedy dekhte hain
3653,2026-05-27 11:07:00,Vikram,popcorn meri taraf se
3654,2026-05-27 11:09:00,Simran,done
3655,2026-05-27 14:18:00,Arjun,weekend movie?
3656,2026-05-27 14:20:00,Riya,comedy dekhte hain
3657,2026-05-27 14:22:00,Riya,popcorn meri taraf se
3658,2026-05-27 14:24:00,Rahul,done
3659,2026-05-27 17:12:00,Priya,internship form bhar diya?
3660,2026-05-27 17:14:00,Neha,resume update krna hai
3661,2026-05-27 17:16:00,Riya,I can review it tonight
3662,2026-05-27 17:18:00,Arjun,thanks yaar
3663,2026-05-27 20:18:00,Neha,good morning
3664,2026-05-27 20:20:00,Riya,gym kaun aayega?
3665,2026-05-27 20:22:00,Rahul,aaj rest day 😂
3666,2026-05-27 20:24:00,Priya,same
3667,2026-05-27 22:03:00,Simran,internship form bhar diya?
3668,2026-05-27 22:05:00,Neha,resume update krna hai
3669,2026-05-27 22:07:00,Priya,I can review it tonight
3670,2026-05-27 22:09:00,Simran,thanks yaar
3671,2026-05-28 08:09:00,Arjun,ye meme dekho 😂
3672,2026-05-28 08:11:00,Priya,<image omitted>
3673,2026-05-28 08:13:00,Priya,😂
3674,2026-05-28 08:15:00,Arjun,bhai bas kar
3675,2026-05-28 11:15:00,Aman,office se late niklunga
3676,2026-05-28 11:17:00,Priya,traffic bhot hai
3677,2026-05-28 11:19:00,Riya,take care
3678,2026-05-28 11:21:00,Rahul,ghar pahunch ke ping kr
3679,2026-05-28 14:04:00,Rahul,kal lecture hai kya?
3680,2026-05-28 14:06:00,Simran,haan 9 baje
3681,2026-05-28 14:08:00,Vikram,notes bhej dena plss
3682,2026-05-28 14:10:00,Arjun,done
3683,2026-05-28 17:06:00,Riya,phone ki battery dead
3684,2026-05-28 17:08:00,Neha,charger mere bag mein hai
3685,2026-05-28 17:10:00,Vikram,mil gaya thnx
3686,2026-05-28 17:12:00,Vikram,cool
3687,2026-05-28 20:11:00,Priya,good morning
3688,2026-05-28 20:13:00,Aman,gym kaun aayega?
3689,2026-05-28 20:15:00,Arjun,aaj rest day 😂
3690,2026-05-28 20:17:00,Rahul,same
3691,2026-05-28 22:01:00,Neha,<document omitted>
3692,2026-05-28 22:03:00,Aman,ye maths worksheet hai
3693,2026-05-28 22:05:00,Aman,thank you!
3694,2026-05-28 22:07:00,Neha,kal solve karte
3695,2026-05-29 08:09:00,Aman,aaj match dekha?
3696,2026-05-29 08:11:00,Riya,last over kya tha 🔥
3697,2026-05-29 08:13:00,Arjun,haan
3698,2026-05-29 08:15:00,Arjun,<video omitted>
3699,2026-05-29 11:12:00,Arjun,office se late niklunga
3700,2026-05-29 11:14:00,Arjun,traffic bhot hai
3701,2026-05-29 11:16:00,Arjun,take care
3702,2026-05-29 11:18:00,Riya,ghar pahunch ke ping kr
3703,2026-05-29 14:15:00,Rahul,ye meme dekho 😂
3704,2026-05-29 14:17:00,Riya,<image omitted>
3705,2026-05-29 14:19:00,Arjun,😂
3706,2026-05-29 14:21:00,Neha,bhai bas kar
3707,2026-05-29 17:04:00,Vikram,good morning
3708,2026-05-29 17:06:00,Rahul,gym kaun aayega?
3709,2026-05-29 17:08:00,Rahul,aaj rest day 😂
3710,2026-05-29 17:10:00,Aman,same
3711,2026-05-29 20:00:00,Rahul,wifi fir se gaya 😭
3712,2026-05-29 20:02:00,Simran,router restart kr
3713,2026-05-29 20:04:00,Arjun,kiya bhai
3714,2026-05-29 20:06:00,Rahul,ab chal raha 😂
3715,2026-05-29 22:04:00,Arjun,wifi fir se gaya 😭
3716,2026-05-29 22:06:00,Simran,router restart kr
3717,2026-05-29 22:08:00,Arjun,kiya bhai
3718,2026-05-29 22:10:00,Rahul,ab chal raha 😂
3719,2026-05-30 08:16:00,Arjun,phone ki battery dead
3720,2026-05-30 08:18:00,Simran,charger mere bag mein hai
3721,2026-05-30 08:20:00,Arjun,mil gaya thnx
3722,2026-05-30 08:22:00,Neha,cool
3723,2026-05-30 11:05:00,Arjun,lunch mein kya hai?
3724,2026-05-30 11:07:00,Aman,rajma chawal
3725,2026-05-30 11:09:00,Simran,nice
3726,2026-05-30 11:11:00,Riya,mere liye bhi rakhna
3727,2026-05-30 14:13:00,Neha,library chalna hai
3728,2026-05-30 14:15:00,Aman,seat milegi?
3729,2026-05-30 14:17:00,Aman,second floor khaali hai
3730,2026-05-30 14:19:00,Simran,aa rha
3731,2026-05-30 17:03:00,Simran,"Forwarded: heavy rain advisory, carry an umbrella"
3732,2026-05-30 17:05:00,Priya,baarish shuru
3733,2026-05-30 17:07:00,Rahul,kapde andar le lo 😂
3734,2026-05-30 17:09:00,Vikram,haan
3735,2026-05-30 20:16:00,Priya,phone ki battery dead
3736,2026-05-30 20:18:00,Priya,charger mere bag mein hai
3737,2026-05-30 20:20:00,Riya,mil gaya thnx
3738,2026-05-30 20:22:00,Simran,cool
3739,2026-05-30 22:17:00,Vikram,wifi fir se gaya 😭
3740,2026-05-30 22:19:00,Aman,router restart kr
3741,2026-05-30 22:21:00,Neha,kiya bhai
3742,2026-05-30 22:23:00,Aman,ab chal raha 😂
3743,2026-05-31 08:14:00,Simran,internship form bhar diya?
3744,2026-05-31 08:16:00,Neha,resume update krna hai
3745,2026-05-31 08:18:00,Arjun,I can review it tonight
3746,2026-05-31 08:20:00,Neha,thanks yaar
3747,2026-05-31 11:09:00,Rahul,<document omitted>
3748,2026-05-31 11:11:00,Aman,ye maths worksheet hai
3749,2026-05-31 11:13:00,Vikram,thank you!
3750,2026-05-31 11:15:00,Vikram,kal solve karte
3751,2026-05-31 14:15:00,Rahul,chai peene aa rahe?
3752,2026-05-31 14:17:00,Aman,nhi yaar
3753,2026-05-31 14:19:00,Vikram,canteen mein samosa bhi hai
3754,2026-05-31 14:21:00,Aman,acha
3755,2026-05-31 14:23:00,Vikram,bas 5 min
3756,2026-05-31 17:02:00,Rahul,internship form bhar diya?
3757,2026-05-31 17:04:00,Priya,resume update krna hai
3758,2026-05-31 17:06:00,Vikram,I can review it tonight
3759,2026-05-31 17:08:00,Vikram,thanks yaar
3760,2026-05-31 20:19:00,Vikram,assignment upload ho gaya?
3761,2026-05-31 20:21:00,Vikram,server busy aa raha
3762,2026-05-31 20:23:00,Vikram,try again after dinner
3763,2026-05-31 20:25:00,Aman,done
3764,2026-05-31 22:19:00,Rahul,aaj match dekha?
3765,2026-05-31 22:21:00,Rahul,last over kya tha 🔥
3766,2026-05-31 22:23:00,Simran,haan
3767,2026-05-31 22:25:00,Neha,<video omitted>
3768,2026-06-01 08:08:00,Riya,ye meme dekho 😂
3769,2026-06-01 08:10:00,Simran,<image omitted>
3770,2026-06-01 08:12:00,Rahul,😂
3771,2026-06-01 08:14:00,Aman,bhai bas kar
3772,2026-06-01 11:02:00,Rahul,office se late niklunga
3773,2026-06-01 11:04:00,Rahul,traffic bhot hai
3774,2026-06-01 11:06:00,Simran,take care
3775,2026-06-01 11:08:00,Arjun,ghar pahunch ke ping kr
3776,2026-06-01 14:07:00,Simran,weekend movie?
3777,2026-06-01 14:09:00,Rahul,comedy dekhte hain
3778,2026-06-01 14:11:00,Riya,popcorn meri taraf se
3779,2026-06-01 14:13:00,Neha,done
3780,2026-06-01 17:08:00,Priya,chai peene aa rahe?
3781,2026-06-01 17:10:00,Aman,nhi yaar
3782,2026-06-01 17:12:00,Rahul,canteen mein samosa bhi hai
3783,2026-06-01 17:14:00,Simran,acha
3784,2026-06-01 17:16:00,Arjun,bas 5 min
3785,2026-06-01 20:09:00,Simran,internship form bhar diya?
3786,2026-06-01 20:11:00,Riya,resume update krna hai
3787,2026-06-01 20:13:00,Arjun,I can review it tonight
3788,2026-06-01 20:15:00,Arjun,thanks yaar
3789,2026-06-01 22:08:00,Rahul,internship form bhar diya?
3790,2026-06-01 22:10:00,Arjun,resume update krna hai
3791,2026-06-01 22:12:00,Aman,I can review it tonight
3792,2026-06-01 22:14:00,Vikram,thanks yaar
3793,2026-06-02 08:12:00,Neha,phone ki battery dead
3794,2026-06-02 08:14:00,Aman,charger mere bag mein hai
3795,2026-06-02 08:16:00,Priya,mil gaya thnx
3796,2026-06-02 08:18:00,Neha,cool
3797,2026-06-02 11:19:00,Vikram,good morning
3798,2026-06-02 11:21:00,Neha,gym kaun aayega?
3799,2026-06-02 11:23:00,Vikram,aaj rest day 😂
3800,2026-06-02 11:25:00,Vikram,same
3801,2026-06-02 14:08:00,Arjun,aaj match dekha?
3802,2026-06-02 14:10:00,Simran,last over kya tha 🔥
3803,2026-06-02 14:12:00,Riya,haan
3804,2026-06-02 14:14:00,Riya,<video omitted>
3805,2026-06-02 17:05:00,Neha,office se late niklunga
3806,2026-06-02 17:07:00,Aman,traffic bhot hai
3807,2026-06-02 17:09:00,Aman,take care
3808,2026-06-02 17:11:00,Priya,ghar pahunch ke ping kr
3809,2026-06-02 20:13:00,Priya,kal lecture hai kya?
3810,2026-06-02 20:15:00,Priya,haan 9 baje
3811,2026-06-02 20:17:00,Simran,notes bhej dena plss
3812,2026-06-02 20:19:00,Neha,done
3813,2026-06-02 22:09:00,Vikram,lunch mein kya hai?
3814,2026-06-02 22:11:00,Riya,rajma chawal
3815,2026-06-02 22:13:00,Aman,nice
3816,2026-06-02 22:15:00,Aman,mere liye bhi rakhna
3817,2026-06-03 08:01:00,Riya,wifi fir se gaya 😭
3818,2026-06-03 08:03:00,Priya,router restart kr
3819,2026-06-03 08:05:00,Priya,kiya bhai
3820,2026-06-03 08:07:00,Priya,ab chal raha 😂
3821,2026-06-03 11:12:00,Rahul,assignment upload ho gaya?
3822,2026-06-03 11:14:00,Priya,server busy aa raha
3823,2026-06-03 11:16:00,Rahul,try again after dinner
3824,2026-06-03 11:18:00,Vikram,done
3825,2026-06-03 14:14:00,Priya,<document omitted>
3826,2026-06-03 14:16:00,Simran,ye maths worksheet hai
3827,2026-06-03 14:18:00,Vikram,thank you!
3828,2026-06-03 14:20:00,Arjun,kal solve karte
3829,2026-06-03 17:08:00,Rahul,office se late niklunga
3830,2026-06-03 17:10:00,Priya,traffic bhot hai
3831,2026-06-03 17:12:00,Vikram,take care
3832,2026-06-03 17:14:00,Aman,ghar pahunch ke ping kr
3833,2026-06-03 20:12:00,Neha,weekend movie?
3834,2026-06-03 20:14:00,Aman,comedy dekhte hain
3835,2026-06-03 20:16:00,Vikram,popcorn meri taraf se
3836,2026-06-03 20:18:00,Vikram,done
3837,2026-06-03 22:14:00,Priya,ye meme dekho 😂
3838,2026-06-03 22:16:00,Simran,<image omitted>
3839,2026-06-03 22:18:00,Riya,😂
3840,2026-06-03 22:20:00,Arjun,bhai bas kar
3841,2026-06-04 08:15:00,Priya,ye meme dekho 😂
3842,2026-06-04 08:17:00,Rahul,<image omitted>
3843,2026-06-04 08:19:00,Arjun,😂
3844,2026-06-04 08:21:00,Riya,bhai bas kar
3845,2026-06-04 10:00:00,Rahul,First aid kit mein bandages aur antiseptic rakh diya
3846,2026-06-04 11:14:00,Vikram,aaj match dekha?
3847,2026-06-04 11:16:00,Priya,last over kya tha 🔥
3848,2026-06-04 11:18:00,Aman,haan
3849,2026-06-04 11:20:00,Priya,<video omitted>
3850,2026-06-04 14:18:00,Vikram,wifi fir se gaya 😭
3851,2026-06-04 14:20:00,Simran,router restart kr
3852,2026-06-04 14:22:00,Aman,kiya bhai
3853,2026-06-04 14:24:00,Simran,ab chal raha 😂
3854,2026-06-04 17:00:00,Aman,assignment upload ho gaya?
3855,2026-06-04 17:02:00,Arjun,server busy aa raha
3856,2026-06-04 17:04:00,Vikram,try again after dinner
3857,2026-06-04 17:06:00,Rahul,done
3858,2026-06-04 20:12:00,Aman,office se late niklunga
3859,2026-06-04 20:14:00,Simran,traffic bhot hai
3860,2026-06-04 20:16:00,Simran,take care
3861,2026-06-04 20:18:00,Arjun,ghar pahunch ke ping kr
3862,2026-06-04 22:02:00,Riya,weekend movie?
3863,2026-06-04 22:04:00,Aman,comedy dekhte hain
3864,2026-06-04 22:06:00,Arjun,popcorn meri taraf se
3865,2026-06-04 22:08:00,Simran,done
3866,2026-06-05 08:18:00,Neha,aaj match dekha?
3867,2026-06-05 08:20:00,Neha,last over kya tha 🔥
3868,2026-06-05 08:22:00,Vikram,haan
3869,2026-06-05 08:24:00,Arjun,<video omitted>
3870,2026-06-05 11:02:00,Neha,chai peene aa rahe?
3871,2026-06-05 11:04:00,Neha,nhi yaar
3872,2026-06-05 11:06:00,Priya,canteen mein samosa bhi hai
3873,2026-06-05 11:08:00,Simran,acha
3874,2026-06-05 11:10:00,Vikram,bas 5 min
3875,2026-06-05 14:05:00,Aman,Forwarded: campus blood donation camp on Saturday
3876,2026-06-05 14:07:00,Arjun,kahan pe?
3877,2026-06-05 14:09:00,Riya,main gate ke paas
3878,2026-06-05 14:11:00,Vikram,okay
3879,2026-06-05 17:03:00,Neha,weekend movie?
3880,2026-06-05 17:05:00,Simran,comedy dekhte hain
3881,2026-06-05 17:07:00,Priya,popcorn meri taraf se
3882,2026-06-05 17:09:00,Simran,done
3883,2026-06-05 20:04:00,Aman,Forwarded: campus blood donation camp on Saturday
3884,2026-06-05 20:06:00,Riya,kahan pe?
3885,2026-06-05 20:08:00,Aman,main gate ke paas
3886,2026-06-05 20:10:00,Riya,okay
3887,2026-06-05 22:12:00,Priya,internship form bhar diya?
3888,2026-06-05 22:14:00,Vikram,resume update krna hai
3889,2026-06-05 22:16:00,Simran,I can review it tonight
3890,2026-06-05 22:18:00,Simran,thanks yaar
3891,2026-06-06 08:01:00,Neha,kal lecture hai kya?
3892,2026-06-06 08:03:00,Aman,haan 9 baje
3893,2026-06-06 08:05:00,Neha,notes bhej dena plss
3894,2026-06-06 08:07:00,Aman,done
3895,2026-06-06 11:03:00,Riya,weekend movie?
3896,2026-06-06 11:05:00,Simran,comedy dekhte hain
3897,2026-06-06 11:07:00,Rahul,popcorn meri taraf se
3898,2026-06-06 11:09:00,Riya,done
3899,2026-06-06 14:01:00,Rahul,wifi fir se gaya 😭
3900,2026-06-06 14:03:00,Simran,router restart kr
3901,2026-06-06 14:05:00,Aman,kiya bhai
3902,2026-06-06 14:07:00,Simran,ab chal raha 😂
3903,2026-06-06 17:07:00,Rahul,chai peene aa rahe?
3904,2026-06-06 17:09:00,Aman,nhi yaar
3905,2026-06-06 17:11:00,Rahul,canteen mein samosa bhi hai
3906,2026-06-06 17:13:00,Aman,acha
3907,2026-06-06 17:15:00,Vikram,bas 5 min
3908,2026-06-06 20:14:00,Rahul,aaj match dekha?
3909,2026-06-06 20:16:00,Priya,last over kya tha 🔥
3910,2026-06-06 20:18:00,Priya,haan
3911,2026-06-06 20:20:00,Priya,<video omitted>
3912,2026-06-06 22:19:00,Riya,internship form bhar diya?
3913,2026-06-06 22:21:00,Priya,resume update krna hai
3914,2026-06-06 22:23:00,Riya,I can review it tonight
3915,2026-06-06 22:25:00,Arjun,thanks yaar
3916,2026-06-07 08:12:00,Neha,office se late niklunga
3917,2026-06-07 08:14:00,Priya,traffic bhot hai
3918,2026-06-07 08:16:00,Rahul,take care
3919,2026-06-07 08:18:00,Neha,ghar pahunch ke ping kr
3920,2026-06-07 11:01:00,Rahul,Forwarded: campus blood donation camp on Saturday
3921,2026-06-07 11:03:00,Neha,kahan pe?
3922,2026-06-07 11:05:00,Priya,main gate ke paas
3923,2026-06-07 11:07:00,Priya,okay
3924,2026-06-07 14:04:00,Arjun,library chalna hai
3925,2026-06-07 14:06:00,Rahul,seat milegi?
3926,2026-06-07 14:08:00,Neha,second floor khaali hai
3927,2026-06-07 14:10:00,Rahul,aa rha
3928,2026-06-07 17:07:00,Aman,phone ki battery dead
3929,2026-06-07 17:09:00,Rahul,charger mere bag mein hai
3930,2026-06-07 17:11:00,Priya,mil gaya thnx
3931,2026-06-07 17:13:00,Arjun,cool
3932,2026-06-07 20:00:00,Simran,ye meme dekho 😂
3933,2026-06-07 20:02:00,Priya,<image omitted>
3934,2026-06-07 20:04:00,Aman,😂
3935,2026-06-07 20:06:00,Aman,bhai bas kar
3936,2026-06-07 22:02:00,Vikram,ye meme dekho 😂
3937,2026-06-07 22:04:00,Arjun,<image omitted>
3938,2026-06-07 22:06:00,Simran,😂
3939,2026-06-07 22:08:00,Rahul,bhai bas kar
3940,2026-06-08 08:04:00,Vikram,Forwarded: campus blood donation camp on Saturday
3941,2026-06-08 08:06:00,Simran,kahan pe?
3942,2026-06-08 08:08:00,Arjun,main gate ke paas
3943,2026-06-08 08:10:00,Riya,okay
3944,2026-06-08 11:19:00,Aman,ye meme dekho 😂
3945,2026-06-08 11:21:00,Rahul,<image omitted>
3946,2026-06-08 11:23:00,Simran,😂
3947,2026-06-08 11:25:00,Priya,bhai bas kar
3948,2026-06-08 14:11:00,Arjun,<document omitted>
3949,2026-06-08 14:13:00,Aman,ye maths worksheet hai
3950,2026-06-08 14:15:00,Riya,thank you!
3951,2026-06-08 14:17:00,Riya,kal solve karte
3952,2026-06-08 17:16:00,Priya,aaj match dekha?
3953,2026-06-08 17:18:00,Neha,last over kya tha 🔥
3954,2026-06-08 17:20:00,Riya,haan
3955,2026-06-08 17:22:00,Simran,<video omitted>
3956,2026-06-08 20:08:00,Aman,Forwarded: campus blood donation camp on Saturday
3957,2026-06-08 20:10:00,Riya,kahan pe?
3958,2026-06-08 20:12:00,Priya,main gate ke paas
3959,2026-06-08 20:14:00,Rahul,okay
3960,2026-06-08 22:15:00,Rahul,internship form bhar diya?
3961,2026-06-08 22:17:00,Rahul,resume update krna hai
3962,2026-06-08 22:19:00,Aman,I can review it tonight
3963,2026-06-08 22:21:00,Aman,thanks yaar
3964,2026-06-09 08:09:00,Riya,"Forwarded: heavy rain advisory, carry an umbrella"
3965,2026-06-09 08:11:00,Arjun,baarish shuru
3966,2026-06-09 08:13:00,Vikram,kapde andar le lo 😂
3967,2026-06-09 08:15:00,Neha,haan
3968,2026-06-09 11:01:00,Priya,phone ki battery dead
3969,2026-06-09 11:03:00,Aman,charger mere bag mein hai
3970,2026-06-09 11:05:00,Rahul,mil gaya thnx
3971,2026-06-09 11:07:00,Rahul,cool
3972,2026-06-09 14:15:00,Priya,kal lecture hai kya?
3973,2026-06-09 14:17:00,Priya,haan 9 baje
3974,2026-06-09 14:19:00,Riya,notes bhej dena plss
3975,2026-06-09 14:21:00,Simran,done
3976,2026-06-09 17:13:00,Riya,office se late niklunga
3977,2026-06-09 17:15:00,Neha,traffic bhot hai
3978,2026-06-09 17:17:00,Riya,take care
3979,2026-06-09 17:19:00,Priya,ghar pahunch ke ping kr
3980,2026-06-09 20:07:00,Priya,office se late niklunga
3981,2026-06-09 20:09:00,Riya,traffic bhot hai
3982,2026-06-09 20:11:00,Arjun,take care
3983,2026-06-09 20:13:00,Riya,ghar pahunch ke ping kr
3984,2026-06-09 22:07:00,Priya,weekend movie?
3985,2026-06-09 22:09:00,Simran,comedy dekhte hain
3986,2026-06-09 22:11:00,Simran,popcorn meri taraf se
3987,2026-06-09 22:13:00,Aman,done
3988,2026-06-10 08:04:00,Riya,good morning
3989,2026-06-10 08:06:00,Simran,gym kaun aayega?
3990,2026-06-10 08:08:00,Rahul,aaj rest day 😂
3991,2026-06-10 08:10:00,Arjun,same
3992,2026-06-10 11:04:00,Simran,"Forwarded: heavy rain advisory, carry an umbrella"
3993,2026-06-10 11:06:00,Riya,baarish shuru
3994,2026-06-10 11:08:00,Neha,kapde andar le lo 😂
3995,2026-06-10 11:10:00,Vikram,haan
3996,2026-06-10 14:10:00,Rahul,Forwarded: campus blood donation camp on Saturday
3997,2026-06-10 14:12:00,Aman,kahan pe?
3998,2026-06-10 14:14:00,Aman,main gate ke paas
3999,2026-06-10 14:16:00,Vikram,okay
4000,2026-06-10 17:03:00,Simran,assignment upload ho gaya?
4001,2026-06-10 17:05:00,Simran,server busy aa raha
4002,2026-06-10 17:07:00,Arjun,try again after dinner
4003,2026-06-10 17:09:00,Rahul,done
4004,2026-06-10 18:00:00,Riya,"Extra umbrella mere backpack mein hai, baarish ho toh le lena"
4005,2026-06-10 20:07:00,Vikram,office se late niklunga
4006,2026-06-10 20:09:00,Rahul,traffic bhot hai
4007,2026-06-10 20:11:00,Rahul,take care
4008,2026-06-10 20:13:00,Riya,ghar pahunch ke ping kr
4009,2026-06-10 22:13:00,Simran,wifi fir se gaya 😭
4010,2026-06-10 22:15:00,Riya,router restart kr
4011,2026-06-10 22:17:00,Simran,kiya bhai
4012,2026-06-10 22:19:00,Simran,ab chal raha 😂
4013,2026-06-11 08:00:00,Arjun,library chalna hai
4014,2026-06-11 08:02:00,Riya,seat milegi?
4015,2026-06-11 08:04:00,Riya,second floor khaali hai
4016,2026-06-11 08:06:00,Neha,aa rha
4017,2026-06-11 11:18:00,Riya,good morning
4018,2026-06-11 11:20:00,Rahul,gym kaun aayega?
4019,2026-06-11 11:22:00,Aman,aaj rest day 😂
4020,2026-06-11 11:24:00,Arjun,same
4021,2026-06-11 14:01:00,Simran,chai peene aa rahe?
4022,2026-06-11 14:03:00,Aman,nhi yaar
4023,2026-06-11 14:05:00,Arjun,canteen mein samosa bhi hai
4024,2026-06-11 14:07:00,Arjun,acha
4025,2026-06-11 14:09:00,Simran,bas 5 min
4026,2026-06-11 17:14:00,Simran,aaj match dekha?
4027,2026-06-11 17:16:00,Riya,last over kya tha 🔥
4028,2026-06-11 17:18:00,Priya,haan
4029,2026-06-11 17:20:00,Aman,<video omitted>
4030,2026-06-11 20:06:00,Rahul,good morning
4031,2026-06-11 20:08:00,Neha,gym kaun aayega?
4032,2026-06-11 20:10:00,Vikram,aaj rest day 😂
4033,2026-06-11 20:12:00,Riya,same
4034,2026-06-11 22:00:00,Simran,wifi fir se gaya 😭
4035,2026-06-11 22:02:00,Vikram,router restart kr
4036,2026-06-11 22:04:00,Rahul,kiya bhai
4037,2026-06-11 22:06:00,Simran,ab chal raha 😂
4038,2026-06-12 08:14:00,Simran,kal lecture hai kya?
4039,2026-06-12 08:16:00,Rahul,haan 9 baje
4040,2026-06-12 08:18:00,Arjun,notes bhej dena plss
4041,2026-06-12 08:20:00,Rahul,done
4042,2026-06-12 11:14:00,Aman,"Forwarded: heavy rain advisory, carry an umbrella"
4043,2026-06-12 11:16:00,Priya,baarish shuru
4044,2026-06-12 11:18:00,Arjun,kapde andar le lo 😂
4045,2026-06-12 11:20:00,Neha,haan
4046,2026-06-12 14:09:00,Arjun,chai peene aa rahe?
4047,2026-06-12 14:11:00,Vikram,nhi yaar
4048,2026-06-12 14:13:00,Riya,canteen mein samosa bhi hai
4049,2026-06-12 14:15:00,Priya,acha
4050,2026-06-12 14:17:00,Neha,bas 5 min
4051,2026-06-12 17:16:00,Neha,chai peene aa rahe?
4052,2026-06-12 17:18:00,Aman,nhi yaar
4053,2026-06-12 17:20:00,Priya,canteen mein samosa bhi hai
4054,2026-06-12 17:22:00,Arjun,acha
4055,2026-06-12 17:24:00,Neha,bas 5 min
4056,2026-06-12 20:19:00,Aman,phone ki battery dead
4057,2026-06-12 20:21:00,Neha,charger mere bag mein hai
4058,2026-06-12 20:23:00,Neha,mil gaya thnx
4059,2026-06-12 20:25:00,Rahul,cool
4060,2026-06-12 22:17:00,Riya,wifi fir se gaya 😭
4061,2026-06-12 22:19:00,Rahul,router restart kr
4062,2026-06-12 22:21:00,Neha,kiya bhai
4063,2026-06-12 22:23:00,Riya,ab chal raha 😂
4064,2026-06-13 08:15:00,Riya,aaj match dekha?
4065,2026-06-13 08:17:00,Riya,last over kya tha 🔥
4066,2026-06-13 08:19:00,Neha,haan
4067,2026-06-13 08:21:00,Neha,<video omitted>
4068,2026-06-13 11:16:00,Arjun,library chalna hai
4069,2026-06-13 11:18:00,Vikram,seat milegi?
4070,2026-06-13 11:20:00,Aman,second floor khaali hai
4071,2026-06-13 11:22:00,Priya,aa rha
4072,2026-06-13 14:11:00,Simran,"Forwarded: heavy rain advisory, carry an umbrella"
4073,2026-06-13 14:13:00,Simran,baarish shuru
4074,2026-06-13 14:15:00,Priya,kapde andar le lo 😂
4075,2026-06-13 14:17:00,Simran,haan
4076,2026-06-13 17:14:00,Neha,<document omitted>
4077,2026-06-13 17:16:00,Priya,ye maths worksheet hai
4078,2026-06-13 17:18:00,Riya,thank you!
4079,2026-06-13 17:20:00,Simran,kal solve karte
4080,2026-06-13 20:02:00,Arjun,wifi fir se gaya 😭
4081,2026-06-13 20:04:00,Rahul,router restart kr
4082,2026-06-13 20:06:00,Vikram,kiya bhai
4083,2026-06-13 20:08:00,Priya,ab chal raha 😂
4084,2026-06-13 22:05:00,Vikram,aaj match dekha?
4085,2026-06-13 22:07:00,Priya,last over kya tha 🔥
4086,2026-06-13 22:09:00,Rahul,haan
4087,2026-06-13 22:11:00,Simran,<video omitted>
4088,2026-06-14 08:06:00,Aman,assignment upload ho gaya?
4089,2026-06-14 08:08:00,Vikram,server busy aa raha
4090,2026-06-14 08:10:00,Arjun,try again after dinner
4091,2026-06-14 08:12:00,Rahul,done
4092,2026-06-14 11:11:00,Arjun,internship form bhar diya?
4093,2026-06-14 11:13:00,Simran,resume update krna hai
4094,2026-06-14 11:15:00,Aman,I can review it tonight
4095,2026-06-14 11:17:00,Vikram,thanks yaar
4096,2026-06-14 14:02:00,Aman,Forwarded: campus blood donation camp on Saturday
4097,2026-06-14 14:04:00,Riya,kahan pe?
4098,2026-06-14 14:06:00,Neha,main gate ke paas
4099,2026-06-14 14:08:00,Arjun,okay
4100,2026-06-14 17:10:00,Simran,office se late niklunga
4101,2026-06-14 17:12:00,Simran,traffic bhot hai
4102,2026-06-14 17:14:00,Simran,take care
4103,2026-06-14 17:16:00,Vikram,ghar pahunch ke ping kr
4104,2026-06-14 20:09:00,Rahul,assignment upload ho gaya?
4105,2026-06-14 20:11:00,Vikram,server busy aa raha
4106,2026-06-14 20:13:00,Riya,try again after dinner
4107,2026-06-14 20:15:00,Simran,done
4108,2026-06-14 22:09:00,Aman,"Forwarded: heavy rain advisory, carry an umbrella"
4109,2026-06-14 22:11:00,Rahul,baarish shuru
4110,2026-06-14 22:13:00,Neha,kapde andar le lo 😂
4111,2026-06-14 22:15:00,Vikram,haan
4112,2026-06-15 08:05:00,Rahul,phone ki battery dead
4113,2026-06-15 08:07:00,Vikram,charger mere bag mein hai
4114,2026-06-15 08:09:00,Rahul,mil gaya thnx
4115,2026-06-15 08:11:00,Rahul,cool
4116,2026-06-15 11:05:00,Riya,assignment upload ho gaya?
4117,2026-06-15 11:07:00,Priya,server busy aa raha
4118,2026-06-15 11:09:00,Aman,try again after dinner
4119,2026-06-15 11:11:00,Neha,done
4120,2026-06-15 14:14:00,Vikram,assignment upload ho gaya?
4121,2026-06-15 14:16:00,Neha,server busy aa raha
4122,2026-06-15 14:18:00,Rahul,try again after dinner
4123,2026-06-15 14:20:00,Riya,done
4124,2026-06-15 17:10:00,Neha,chai peene aa rahe?
4125,2026-06-15 17:12:00,Rahul,nhi yaar
4126,2026-06-15 17:14:00,Neha,canteen mein samosa bhi hai
4127,2026-06-15 17:16:00,Simran,acha
4128,2026-06-15 17:18:00,Rahul,bas 5 min
4129,2026-06-15 20:03:00,Aman,<document omitted>
4130,2026-06-15 20:05:00,Arjun,ye maths worksheet hai
4131,2026-06-15 20:07:00,Simran,thank you!
4132,2026-06-15 20:09:00,Rahul,kal solve karte
4133,2026-06-15 22:10:00,Rahul,phone ki battery dead
4134,2026-06-15 22:12:00,Aman,charger mere bag mein hai
4135,2026-06-15 22:14:00,Neha,mil gaya thnx
4136,2026-06-15 22:16:00,Vikram,cool
4137,2026-06-16 08:09:00,Rahul,internship form bhar diya?
4138,2026-06-16 08:11:00,Simran,resume update krna hai
4139,2026-06-16 08:13:00,Neha,I can review it tonight
4140,2026-06-16 08:15:00,Priya,thanks yaar
4141,2026-06-16 11:01:00,Rahul,internship form bhar diya?
4142,2026-06-16 11:03:00,Priya,resume update krna hai
4143,2026-06-16 11:05:00,Vikram,I can review it tonight
4144,2026-06-16 11:07:00,Aman,thanks yaar
4145,2026-06-16 14:19:00,Riya,weekend movie?
4146,2026-06-16 14:21:00,Simran,comedy dekhte hain
4147,2026-06-16 14:23:00,Neha,popcorn meri taraf se
4148,2026-06-16 14:25:00,Priya,done
4149,2026-06-16 17:01:00,Riya,office se late niklunga
4150,2026-06-16 17:03:00,Riya,traffic bhot hai
4151,2026-06-16 17:05:00,Vikram,take care
4152,2026-06-16 17:07:00,Riya,ghar pahunch ke ping kr
4153,2026-06-16 20:02:00,Simran,kal lecture hai kya?
4154,2026-06-16 20:04:00,Priya,haan 9 baje
4155,2026-06-16 20:06:00,Arjun,notes bhej dena plss
4156,2026-06-16 20:08:00,Riya,done
4157,2026-06-16 22:10:00,Aman,internship form bhar diya?
4158,2026-06-16 22:12:00,Neha,resume update krna hai
4159,2026-06-16 22:14:00,Arjun,I can review it tonight
4160,2026-06-16 22:16:00,Rahul,thanks yaar
4161,2026-06-17 08:11:00,Arjun,good morning
4162,2026-06-17 08:13:00,Neha,gym kaun aayega?
4163,2026-06-17 08:15:00,Aman,aaj rest day 😂
4164,2026-06-17 08:17:00,Vikram,same
4165,2026-06-17 11:11:00,Vikram,"Forwarded: heavy rain advisory, carry an umbrella"
4166,2026-06-17 11:13:00,Simran,baarish shuru
4167,2026-06-17 11:15:00,Priya,kapde andar le lo 😂
4168,2026-06-17 11:17:00,Riya,haan
4169,2026-06-17 14:13:00,Simran,phone ki battery dead
4170,2026-06-17 14:15:00,Vikram,charger mere bag mein hai
4171,2026-06-17 14:17:00,Rahul,mil gaya thnx
4172,2026-06-17 14:19:00,Arjun,cool
4173,2026-06-17 17:04:00,Priya,good morning
4174,2026-06-17 17:06:00,Rahul,gym kaun aayega?
4175,2026-06-17 17:08:00,Riya,aaj rest day 😂
4176,2026-06-17 17:10:00,Vikram,same
4177,2026-06-17 20:16:00,Neha,internship form bhar diya?
4178,2026-06-17 20:18:00,Priya,resume update krna hai
4179,2026-06-17 20:20:00,Arjun,I can review it tonight
4180,2026-06-17 20:22:00,Priya,thanks yaar
4181,2026-06-17 22:13:00,Vikram,kal lecture hai kya?
4182,2026-06-17 22:15:00,Arjun,haan 9 baje
4183,2026-06-17 22:17:00,Rahul,notes bhej dena plss
4184,2026-06-17 22:19:00,Simran,done
4185,2026-06-18 08:06:00,Rahul,assignment upload ho gaya?
4186,2026-06-18 08:08:00,Arjun,server busy aa raha
4187,2026-06-18 08:10:00,Vikram,try again after dinner
4188,2026-06-18 08:12:00,Simran,done
4189,2026-06-18 11:09:00,Vikram,chai peene aa rahe?
4190,2026-06-18 11:11:00,Simran,nhi yaar
4191,2026-06-18 11:13:00,Simran,canteen mein samosa bhi hai
4192,2026-06-18 11:15:00,Riya,acha
4193,2026-06-18 11:17:00,Aman,bas 5 min
4194,2026-06-18 14:04:00,Vikram,kal lecture hai kya?
4195,2026-06-18 14:06:00,Vikram,haan 9 baje
4196,2026-06-18 14:08:00,Simran,notes bhej dena plss
4197,2026-06-18 14:10:00,Priya,done
4198,2026-06-18 17:13:00,Rahul,<document omitted>
4199,2026-06-18 17:15:00,Simran,ye maths worksheet hai
4200,2026-06-18 17:17:00,Riya,thank you!
4201,2026-06-18 17:19:00,Aman,kal solve karte
4202,2026-06-18 20:08:00,Simran,aaj match dekha?
4203,2026-06-18 20:10:00,Priya,last over kya tha 🔥
4204,2026-06-18 20:12:00,Neha,haan
4205,2026-06-18 20:14:00,Simran,<video omitted>
4206,2026-06-18 22:08:00,Simran,good morning
4207,2026-06-18 22:10:00,Priya,gym kaun aayega?
4208,2026-06-18 22:12:00,Neha,aaj rest day 😂
4209,2026-06-18 22:14:00,Aman,same
4210,2026-06-19 08:05:00,Aman,library chalna hai
4211,2026-06-19 08:07:00,Rahul,seat milegi?
4212,2026-06-19 08:09:00,Neha,second floor khaali hai
4213,2026-06-19 08:11:00,Simran,aa rha
4214,2026-06-19 11:11:00,Rahul,assignment upload ho gaya?
4215,2026-06-19 11:13:00,Aman,server busy aa raha
4216,2026-06-19 11:15:00,Vikram,try again after dinner
4217,2026-06-19 11:17:00,Neha,done
4218,2026-06-19 14:11:00,Aman,good morning
4219,2026-06-19 14:13:00,Vikram,gym kaun aayega?
4220,2026-06-19 14:15:00,Vikram,aaj rest day 😂
4221,2026-06-19 14:17:00,Priya,same
4222,2026-06-19 17:05:00,Priya,Forwarded: campus blood donation camp on Saturday
4223,2026-06-19 17:07:00,Rahul,kahan pe?
4224,2026-06-19 17:09:00,Neha,main gate ke paas
4225,2026-06-19 17:11:00,Neha,okay
4226,2026-06-19 20:08:00,Neha,<document omitted>
4227,2026-06-19 20:10:00,Priya,ye maths worksheet hai
4228,2026-06-19 20:12:00,Neha,thank you!
4229,2026-06-19 20:14:00,Rahul,kal solve karte
4230,2026-06-19 22:04:00,Vikram,kal lecture hai kya?
4231,2026-06-19 22:06:00,Neha,haan 9 baje
4232,2026-06-19 22:08:00,Simran,notes bhej dena plss
4233,2026-06-19 22:10:00,Arjun,done
4234,2026-06-20 08:05:00,Priya,office se late niklunga
4235,2026-06-20 08:07:00,Riya,traffic bhot hai
4236,2026-06-20 08:09:00,Rahul,take care
4237,2026-06-20 08:11:00,Riya,ghar pahunch ke ping kr
4238,2026-06-20 11:17:00,Priya,Forwarded: campus blood donation camp on Saturday
4239,2026-06-20 11:19:00,Arjun,kahan pe?
4240,2026-06-20 11:21:00,Simran,main gate ke paas
4241,2026-06-20 11:23:00,Priya,okay
4242,2026-06-20 14:04:00,Aman,aaj match dekha?
4243,2026-06-20 14:06:00,Simran,last over kya tha 🔥
4244,2026-06-20 14:08:00,Neha,haan
4245,2026-06-20 14:10:00,Vikram,<video omitted>
4246,2026-06-20 17:04:00,Simran,"Forwarded: heavy rain advisory, carry an umbrella"
4247,2026-06-20 17:06:00,Neha,baarish shuru
4248,2026-06-20 17:08:00,Rahul,kapde andar le lo 😂
4249,2026-06-20 17:10:00,Vikram,haan
4250,2026-06-20 20:03:00,Riya,kal lecture hai kya?
4251,2026-06-20 20:05:00,Rahul,haan 9 baje
4252,2026-06-20 20:07:00,Rahul,notes bhej dena plss
4253,2026-06-20 20:09:00,Riya,done
4254,2026-06-20 22:04:00,Riya,<document omitted>
4255,2026-06-20 22:06:00,Rahul,ye maths worksheet hai
4256,2026-06-20 22:08:00,Priya,thank you!
4257,2026-06-20 22:10:00,Arjun,kal solve karte
4258,2026-06-21 08:02:00,Aman,aaj match dekha?
4259,2026-06-21 08:04:00,Simran,last over kya tha 🔥
4260,2026-06-21 08:06:00,Arjun,haan
4261,2026-06-21 08:08:00,Aman,<video omitted>
4262,2026-06-21 11:03:00,Aman,Forwarded: campus blood donation camp on Saturday
4263,2026-06-21 11:05:00,Aman,kahan pe?
4264,2026-06-21 11:07:00,Simran,main gate ke paas
4265,2026-06-21 11:09:00,Priya,okay
4266,2026-06-21 14:01:00,Priya,library chalna hai
4267,2026-06-21 14:03:00,Vikram,seat milegi?
4268,2026-06-21 14:05:00,Aman,second floor khaali hai
4269,2026-06-21 14:07:00,Priya,aa rha
4270,2026-06-21 17:19:00,Riya,aaj match dekha?
4271,2026-06-21 17:21:00,Riya,last over kya tha 🔥
4272,2026-06-21 17:23:00,Rahul,haan
4273,2026-06-21 17:25:00,Neha,<video omitted>
4274,2026-06-21 20:02:00,Rahul,kal lecture hai kya?
4275,2026-06-21 20:04:00,Vikram,haan 9 baje
4276,2026-06-21 20:06:00,Neha,notes bhej dena plss
4277,2026-06-21 20:08:00,Neha,done
4278,2026-06-21 22:16:00,Riya,ye meme dekho 😂
4279,2026-06-21 22:18:00,Priya,<image omitted>
4280,2026-06-21 22:20:00,Priya,😂
4281,2026-06-21 22:22:00,Aman,bhai bas kar
4282,2026-06-22 08:06:00,Vikram,Forwarded: campus blood donation camp on Saturday
4283,2026-06-22 08:08:00,Rahul,kahan pe?
4284,2026-06-22 08:10:00,Aman,main gate ke paas
4285,2026-06-22 08:12:00,Priya,okay
4286,2026-06-22 11:00:00,Aman,Statistics exam shifted to room B204
4287,2026-06-22 11:16:00,Simran,Forwarded: campus blood donation camp on Saturday
4288,2026-06-22 11:18:00,Neha,kahan pe?
4289,2026-06-22 11:20:00,Rahul,main gate ke paas
4290,2026-06-22 11:22:00,Simran,okay
4291,2026-06-22 14:05:00,Neha,aaj match dekha?
4292,2026-06-22 14:07:00,Arjun,last over kya tha 🔥
4293,2026-06-22 14:09:00,Arjun,haan
4294,2026-06-22 14:11:00,Riya,<video omitted>
4295,2026-06-22 17:13:00,Priya,lunch mein kya hai?
4296,2026-06-22 17:15:00,Neha,rajma chawal
4297,2026-06-22 17:17:00,Priya,nice
4298,2026-06-22 17:19:00,Simran,mere liye bhi rakhna
4299,2026-06-22 20:16:00,Rahul,aaj match dekha?
4300,2026-06-22 20:18:00,Simran,last over kya tha 🔥
4301,2026-06-22 20:20:00,Neha,haan
4302,2026-06-22 20:22:00,Vikram,<video omitted>
4303,2026-06-22 22:02:00,Neha,chai peene aa rahe?
4304,2026-06-22 22:04:00,Simran,nhi yaar
4305,2026-06-22 22:06:00,Priya,canteen mein samosa bhi hai
4306,2026-06-22 22:08:00,Arjun,acha
4307,2026-06-22 22:10:00,Vikram,bas 5 min
4308,2026-06-23 08:19:00,Vikram,phone ki battery dead
4309,2026-06-23 08:21:00,Simran,charger mere bag mein hai
4310,2026-06-23 08:23:00,Riya,mil gaya thnx
4311,2026-06-23 08:25:00,Arjun,cool
4312,2026-06-23 11:13:00,Riya,<document omitted>
4313,2026-06-23 11:15:00,Priya,ye maths worksheet hai
4314,2026-06-23 11:17:00,Simran,thank you!
4315,2026-06-23 11:19:00,Neha,kal solve karte
4316,2026-06-23 14:00:00,Simran,ye meme dekho 😂
4317,2026-06-23 14:02:00,Priya,<image omitted>
4318,2026-06-23 14:04:00,Arjun,😂
4319,2026-06-23 14:06:00,Simran,bhai bas kar
4320,2026-06-23 17:03:00,Rahul,wifi fir se gaya 😭
4321,2026-06-23 17:05:00,Arjun,router restart kr
4322,2026-06-23 17:07:00,Arjun,kiya bhai
4323,2026-06-23 17:09:00,Priya,ab chal raha 😂
4324,2026-06-23 20:02:00,Neha,ye meme dekho 😂
4325,2026-06-23 20:04:00,Riya,<image omitted>
4326,2026-06-23 20:06:00,Neha,😂
4327,2026-06-23 20:08:00,Riya,bhai bas kar
4328,2026-06-23 22:03:00,Riya,weekend movie?
4329,2026-06-23 22:05:00,Arjun,comedy dekhte hain
4330,2026-06-23 22:07:00,Simran,popcorn meri taraf se
4331,2026-06-23 22:09:00,Vikram,done
4332,2026-06-24 08:12:00,Neha,library chalna hai
4333,2026-06-24 08:14:00,Simran,seat milegi?
4334,2026-06-24 08:16:00,Arjun,second floor khaali hai
4335,2026-06-24 08:18:00,Simran,aa rha
4336,2026-06-24 11:04:00,Simran,library chalna hai
4337,2026-06-24 11:06:00,Priya,seat milegi?
4338,2026-06-24 11:08:00,Priya,second floor khaali hai
4339,2026-06-24 11:10:00,Vikram,aa rha
4340,2026-06-24 14:15:00,Riya,internship form bhar diya?
4341,2026-06-24 14:17:00,Rahul,resume update krna hai
4342,2026-06-24 14:19:00,Aman,I can review it tonight
4343,2026-06-24 14:21:00,Priya,thanks yaar
4344,2026-06-24 17:02:00,Simran,chai peene aa rahe?
4345,2026-06-24 17:04:00,Aman,nhi yaar
4346,2026-06-24 17:06:00,Rahul,canteen mein samosa bhi hai
4347,2026-06-24 17:08:00,Arjun,acha
4348,2026-06-24 17:10:00,Neha,bas 5 min
4349,2026-06-24 20:09:00,Priya,assignment upload ho gaya?
4350,2026-06-24 20:11:00,Priya,server busy aa raha
4351,2026-06-24 20:13:00,Simran,try again after dinner
4352,2026-06-24 20:15:00,Simran,done
4353,2026-06-24 22:09:00,Simran,Forwarded: campus blood donation camp on Saturday
4354,2026-06-24 22:11:00,Simran,kahan pe?
4355,2026-06-24 22:13:00,Vikram,main gate ke paas
4356,2026-06-24 22:15:00,Neha,okay
4357,2026-06-25 08:01:00,Arjun,kal lecture hai kya?
4358,2026-06-25 08:03:00,Priya,haan 9 baje
4359,2026-06-25 08:05:00,Arjun,notes bhej dena plss
4360,2026-06-25 08:07:00,Simran,done
4361,2026-06-25 11:12:00,Simran,office se late niklunga
4362,2026-06-25 11:14:00,Simran,traffic bhot hai
4363,2026-06-25 11:16:00,Aman,take care
4364,2026-06-25 11:18:00,Aman,ghar pahunch ke ping kr
4365,2026-06-25 14:17:00,Vikram,ye meme dekho 😂
4366,2026-06-25 14:19:00,Rahul,<image omitted>
4367,2026-06-25 14:21:00,Simran,😂
4368,2026-06-25 14:23:00,Arjun,bhai bas kar
4369,2026-06-25 17:09:00,Arjun,assignment upload ho gaya?
4370,2026-06-25 17:11:00,Simran,server busy aa raha
4371,2026-06-25 17:13:00,Priya,try again after dinner
4372,2026-06-25 17:15:00,Simran,done
4373,2026-06-25 20:15:00,Rahul,internship form bhar diya?
4374,2026-06-25 20:17:00,Aman,resume update krna hai
4375,2026-06-25 20:19:00,Arjun,I can review it tonight
4376,2026-06-25 20:21:00,Vikram,thanks yaar
4377,2026-06-25 22:18:00,Arjun,internship form bhar diya?
4378,2026-06-25 22:20:00,Neha,resume update krna hai
4379,2026-06-25 22:22:00,Vikram,I can review it tonight
4380,2026-06-25 22:24:00,Neha,thanks yaar
4381,2026-06-26 08:00:00,Aman,chai peene aa rahe?
4382,2026-06-26 08:02:00,Rahul,nhi yaar
4383,2026-06-26 08:04:00,Neha,canteen mein samosa bhi hai
4384,2026-06-26 08:06:00,Neha,acha
4385,2026-06-26 08:08:00,Aman,bas 5 min
4386,2026-06-26 11:12:00,Priya,office se late niklunga
4387,2026-06-26 11:14:00,Arjun,traffic bhot hai
4388,2026-06-26 11:16:00,Neha,take care
4389,2026-06-26 11:18:00,Neha,ghar pahunch ke ping kr
4390,2026-06-26 14:11:00,Aman,good morning
4391,2026-06-26 14:13:00,Riya,gym kaun aayega?
4392,2026-06-26 14:15:00,Riya,aaj rest day 😂
4393,2026-06-26 14:17:00,Riya,same
4394,2026-06-26 17:18:00,Priya,<document omitted>
4395,2026-06-26 17:20:00,Priya,ye maths worksheet hai
4396,2026-06-26 17:22:00,Vikram,thank you!
4397,2026-06-26 17:24:00,Priya,kal solve karte
4398,2026-06-26 20:05:00,Aman,office se late niklunga
4399,2026-06-26 20:07:00,Neha,traffic bhot hai
4400,2026-06-26 20:09:00,Aman,take care
4401,2026-06-26 20:11:00,Simran,ghar pahunch ke ping kr
4402,2026-06-26 22:18:00,Arjun,good morning
4403,2026-06-26 22:20:00,Vikram,gym kaun aayega?
4404,2026-06-26 22:22:00,Aman,aaj rest day 😂
4405,2026-06-26 22:24:00,Simran,same
4406,2026-06-27 08:10:00,Arjun,kal lecture hai kya?
4407,2026-06-27 08:12:00,Arjun,haan 9 baje
4408,2026-06-27 08:14:00,Neha,notes bhej dena plss
4409,2026-06-27 08:16:00,Priya,done
4410,2026-06-27 11:03:00,Riya,internship form bhar diya?
4411,2026-06-27 11:05:00,Neha,resume update krna hai
4412,2026-06-27 11:07:00,Simran,I can review it tonight
4413,2026-06-27 11:09:00,Neha,thanks yaar
4414,2026-06-27 14:19:00,Vikram,ye meme dekho 😂
4415,2026-06-27 14:21:00,Neha,<image omitted>
4416,2026-06-27 14:23:00,Arjun,😂
4417,2026-06-27 14:25:00,Riya,bhai bas kar
4418,2026-06-27 17:02:00,Riya,internship form bhar diya?
4419,2026-06-27 17:04:00,Vikram,resume update krna hai
4420,2026-06-27 17:06:00,Vikram,I can review it tonight
4421,2026-06-27 17:08:00,Aman,thanks yaar
4422,2026-06-27 20:18:00,Arjun,<document omitted>
4423,2026-06-27 20:20:00,Riya,ye maths worksheet hai
4424,2026-06-27 20:22:00,Priya,thank you!
4425,2026-06-27 20:24:00,Priya,kal solve karte
4426,2026-06-27 22:08:00,Priya,office se late niklunga
4427,2026-06-27 22:10:00,Simran,traffic bhot hai
4428,2026-06-27 22:12:00,Arjun,take care
4429,2026-06-27 22:14:00,Riya,ghar pahunch ke ping kr
4430,2026-06-28 08:02:00,Vikram,"Forwarded: heavy rain advisory, carry an umbrella"
4431,2026-06-28 08:04:00,Vikram,baarish shuru
4432,2026-06-28 08:06:00,Arjun,kapde andar le lo 😂
4433,2026-06-28 08:08:00,Neha,haan
4434,2026-06-28 11:13:00,Arjun,Forwarded: campus blood donation camp on Saturday
4435,2026-06-28 11:15:00,Vikram,kahan pe?
4436,2026-06-28 11:17:00,Simran,main gate ke paas
4437,2026-06-28 11:19:00,Rahul,okay
4438,2026-06-28 14:16:00,Rahul,kal lecture hai kya?
4439,2026-06-28 14:18:00,Simran,haan 9 baje
4440,2026-06-28 14:20:00,Riya,notes bhej dena plss
4441,2026-06-28 14:22:00,Simran,done
4442,2026-06-28 17:17:00,Arjun,library chalna hai
4443,2026-06-28 17:19:00,Aman,seat milegi?
4444,2026-06-28 17:21:00,Riya,second floor khaali hai
4445,2026-06-28 17:23:00,Neha,aa rha
4446,2026-06-28 20:04:00,Riya,phone ki battery dead
4447,2026-06-28 20:06:00,Rahul,charger mere bag mein hai
4448,2026-06-28 20:08:00,Vikram,mil gaya thnx
4449,2026-06-28 20:10:00,Arjun,cool
4450,2026-06-28 22:10:00,Priya,good morning
4451,2026-06-28 22:12:00,Riya,gym kaun aayega?
4452,2026-06-28 22:14:00,Arjun,aaj rest day 😂
4453,2026-06-28 22:16:00,Vikram,same
4454,2026-06-29 08:05:00,Vikram,<document omitted>
4455,2026-06-29 08:07:00,Riya,ye maths worksheet hai
4456,2026-06-29 08:09:00,Arjun,thank you!
4457,2026-06-29 08:11:00,Riya,kal solve karte
4458,2026-06-29 11:04:00,Riya,aaj match dekha?
4459,2026-06-29 11:06:00,Aman,last over kya tha 🔥
4460,2026-06-29 11:08:00,Riya,haan
4461,2026-06-29 11:10:00,Vikram,<video omitted>
4462,2026-06-29 13:00:00,Priya,"June ka flat rent transfer kar diya, receipt attached"
4463,2026-06-29 14:15:00,Arjun,phone ki battery dead
4464,2026-06-29 14:17:00,Arjun,charger mere bag mein hai
4465,2026-06-29 14:19:00,Aman,mil gaya thnx
4466,2026-06-29 14:21:00,Riya,cool
4467,2026-06-29 17:08:00,Rahul,ye meme dekho 😂
4468,2026-06-29 17:10:00,Aman,<image omitted>
4469,2026-06-29 17:12:00,Vikram,😂
4470,2026-06-29 17:14:00,Vikram,bhai bas kar
4471,2026-06-29 20:01:00,Simran,ye meme dekho 😂
4472,2026-06-29 20:03:00,Aman,<image omitted>
4473,2026-06-29 20:05:00,Aman,😂
4474,2026-06-29 20:07:00,Priya,bhai bas kar
4475,2026-06-29 22:19:00,Vikram,office se late niklunga
4476,2026-06-29 22:21:00,Priya,traffic bhot hai
4477,2026-06-29 22:23:00,Arjun,take care
4478,2026-06-29 22:25:00,Neha,ghar pahunch ke ping kr
4479,2026-06-30 08:12:00,Rahul,wifi fir se gaya 😭
4480,2026-06-30 08:14:00,Riya,router restart kr
4481,2026-06-30 08:16:00,Priya,kiya bhai
4482,2026-06-30 08:18:00,Priya,ab chal raha 😂
4483,2026-06-30 11:15:00,Priya,library chalna hai
4484,2026-06-30 11:17:00,Riya,seat milegi?
4485,2026-06-30 11:19:00,Priya,second floor khaali hai
4486,2026-06-30 11:21:00,Neha,aa rha
4487,2026-06-30 14:18:00,Arjun,office se late niklunga
4488,2026-06-30 14:20:00,Riya,traffic bhot hai
4489,2026-06-30 14:22:00,Arjun,take care
4490,2026-06-30 14:24:00,Riya,ghar pahunch ke ping kr
4491,2026-06-30 17:03:00,Rahul,assignment upload ho gaya?
4492,2026-06-30 17:05:00,Riya,server busy aa raha
4493,2026-06-30 17:07:00,Vikram,try again after dinner
4494,2026-06-30 17:09:00,Simran,done
4495,2026-06-30 20:00:00,Rahul,"Dinner ke liye mushroom pizza order kiya, 30 min lagenge"
4496,2026-06-30 20:08:00,Aman,good morning
4497,2026-06-30 20:10:00,Simran,gym kaun aayega?
4498,2026-06-30 20:12:00,Neha,aaj rest day 😂
4499,2026-06-30 20:14:00,Priya,same
4500,2026-06-30 22:17:00,Arjun,office se late niklunga
4501,2026-06-30 22:19:00,Simran,traffic bhot hai
4502,2026-06-30 22:21:00,Riya,take care
4503,2026-06-30 22:23:00,Vikram,ghar pahunch ke ping kr
